{"engineId":"98e8057b-f05d-44db-9d29-39b50d3cf75f","engineName":"ClinicalTrials","rdbmsId":"e0a63f33-13cf-4929-a28c-c22a5ea5e62a","varstore":{},"frames":[{"file":"@BaseFolder@/db/@ENGINE@/version/e0a63f33-13cf-4929-a28c-c22a5ea5e62a/FRAME295345.gz","meta":"@BaseFolder@/db/@ENGINE@/version/e0a63f33-13cf-4929-a28c-c22a5ea5e62a/METADATA__FRAME295345.owl","state":null,"type":"prerna.ds.h2.H2Frame","name":"FRAME295345","keys":["FRAME295345","$CUR_FRAME_KEY"]}],"panels":[{"panelId":"0","panelLabel":"Most Common Diseases in the US","view":"visualization","viewOptions":"{\"type\":\"standard\"}","viewOptionsMap":{"federate-view":{"app_id":"98e8057b-f05d-44db-9d29-39b50d3cf75f"},"visualization":{"type":"standard"}},"config":{},"ornaments":{},"events":{"onSingleClick":{"Unfilter":[{"disabledVisuals":["Grid","Sunburst"],"default":true,"query":"UnfilterFrame(<SelectedColumn>);","options":{},"refresh":false,"disabled":false,"panel":""}]},"onBrush":{"Filter":[{"default":true,"query":"if(IsEmpty(<SelectedValues>), UnfilterFrame(<SelectedColumn>), SetFrameFilter(<SelectedColumn>==<SelectedValues>));","options":{},"refresh":false,"disabled":false,"panel":""}]}},"comments":{},"position":{},"filters":[],"order":[],"cbv":[]}],"tasks":{"tasks":[{"type":"basic","task":{"taskType":"basic","id":"task1","numCollected":500,"internalOffset":0,"taskOptions":"{\"options\":{\"0\":{\"layout\":\"Grid\",\"alignment\":{\"label\":[\"Disease\",\"Interventions\",\"Location_1\",\"Recruitment\",\"Study_Results\",\"Title\"]}}},\"ornament\":false}","qs":{"qsType":"FRAME","frameName":"FRAME295345","isDistinct":true,"overrideImplicit":false,"limit":500,"offset":0,"relations":"[]","selectors":[{"type":"COLUMN","content":{"table":"FRAME295345","column":"Disease","alias":"Disease","tableAlias":null}},{"type":"COLUMN","content":{"table":"FRAME295345","column":"Interventions","alias":"Interventions","tableAlias":null}},{"type":"COLUMN","content":{"table":"FRAME295345","column":"Location_1","alias":"Location_1","tableAlias":null}},{"type":"COLUMN","content":{"table":"FRAME295345","column":"Recruitment","alias":"Recruitment","tableAlias":null}},{"type":"COLUMN","content":{"table":"FRAME295345","column":"Study_Results","alias":"Study_Results","tableAlias":null}},{"type":"COLUMN","content":{"table":"FRAME295345","column":"Title","alias":"Title","tableAlias":null}}]}}},{"type":"basic","task":{"taskType":"basic","id":"task3","numCollected":500,"internalOffset":0,"taskOptions":"{\"options\":{\"0\":{\"layout\":\"Cluster\",\"alignment\":{\"cluster\":[\"Interventions\"],\"tooltip\":[\"Location_1\",\"Recruitment\",\"Study_Results\",\"Title\"],\"label\":[\"Disease\"]}}},\"ornament\":false}","qs":{"qsType":"FRAME","frameName":"FRAME295345","isDistinct":true,"overrideImplicit":false,"limit":500,"offset":0,"relations":"[]","selectors":[{"type":"COLUMN","content":{"table":"Interventions","column":"PRIM_KEY_PLACEHOLDER","alias":"Interventions","tableAlias":null}},{"type":"COLUMN","content":{"table":"Disease","column":"PRIM_KEY_PLACEHOLDER","alias":"Disease","tableAlias":null}},{"type":"COLUMN","content":{"table":"Location_1","column":"PRIM_KEY_PLACEHOLDER","alias":"Location_1","tableAlias":null}},{"type":"COLUMN","content":{"table":"Recruitment","column":"PRIM_KEY_PLACEHOLDER","alias":"Recruitment","tableAlias":null}},{"type":"COLUMN","content":{"table":"Study_Results","column":"PRIM_KEY_PLACEHOLDER","alias":"Study_Results","tableAlias":null}},{"type":"COLUMN","content":{"table":"Title","column":"PRIM_KEY_PLACEHOLDER","alias":"Title","tableAlias":null}}]}}},{"type":"basic","task":{"taskType":"basic","id":"task5","numCollected":500,"internalOffset":0,"taskOptions":"{\"options\":{\"0\":{\"layout\":\"Cluster\",\"alignment\":{\"cluster\":[\"Disease\"],\"tooltip\":[\"Location_1\",\"Recruitment\",\"Study_Results\",\"Title\"],\"label\":[\"Disease\"]}}},\"ornament\":false}","qs":{"qsType":"FRAME","frameName":"FRAME295345","isDistinct":true,"overrideImplicit":false,"limit":500,"offset":0,"relations":"[]","selectors":[{"type":"COLUMN","content":{"table":"Disease","column":"PRIM_KEY_PLACEHOLDER","alias":"Disease","tableAlias":null}},{"type":"COLUMN","content":{"table":"Location_1","column":"PRIM_KEY_PLACEHOLDER","alias":"Location_1","tableAlias":null}},{"type":"COLUMN","content":{"table":"Recruitment","column":"PRIM_KEY_PLACEHOLDER","alias":"Recruitment","tableAlias":null}},{"type":"COLUMN","content":{"table":"Study_Results","column":"PRIM_KEY_PLACEHOLDER","alias":"Study_Results","tableAlias":null}},{"type":"COLUMN","content":{"table":"Title","column":"PRIM_KEY_PLACEHOLDER","alias":"Title","tableAlias":null}}]}}},{"type":"basic","task":{"taskType":"basic","id":"task7","numCollected":500,"internalOffset":0,"taskOptions":"{\"options\":{\"0\":{\"layout\":\"Cluster\",\"alignment\":{\"cluster\":[\"Disease\"],\"tooltip\":[\"Location_1\",\"Recruitment\",\"Study_Results\",\"Title\"],\"label\":[\"Interventions\"]}}},\"ornament\":false}","qs":{"qsType":"FRAME","frameName":"FRAME295345","isDistinct":true,"overrideImplicit":false,"limit":500,"offset":0,"relations":"[]","selectors":[{"type":"COLUMN","content":{"table":"Disease","column":"PRIM_KEY_PLACEHOLDER","alias":"Disease","tableAlias":null}},{"type":"COLUMN","content":{"table":"Interventions","column":"PRIM_KEY_PLACEHOLDER","alias":"Interventions","tableAlias":null}},{"type":"COLUMN","content":{"table":"Location_1","column":"PRIM_KEY_PLACEHOLDER","alias":"Location_1","tableAlias":null}},{"type":"COLUMN","content":{"table":"Recruitment","column":"PRIM_KEY_PLACEHOLDER","alias":"Recruitment","tableAlias":null}},{"type":"COLUMN","content":{"table":"Study_Results","column":"PRIM_KEY_PLACEHOLDER","alias":"Study_Results","tableAlias":null}},{"type":"COLUMN","content":{"table":"Title","column":"PRIM_KEY_PLACEHOLDER","alias":"Title","tableAlias":null}}]}}},{"type":"basic","task":{"taskType":"basic","id":"task9","numCollected":500,"internalOffset":0,"taskOptions":"{\"options\":{\"0\":{\"layout\":\"Cluster\",\"alignment\":{\"cluster\":[\"Disease\"],\"tooltip\":[\"Location_1\",\"Recruitment\",\"Study_Results\",\"Title\"],\"label\":[\"Disease\"]}}},\"ornament\":false}","qs":{"qsType":"FRAME","frameName":"FRAME295345","isDistinct":true,"overrideImplicit":false,"limit":500,"offset":0,"relations":"[]","selectors":[{"type":"COLUMN","content":{"table":"Disease","column":"PRIM_KEY_PLACEHOLDER","alias":"Disease","tableAlias":null}},{"type":"COLUMN","content":{"table":"Location_1","column":"PRIM_KEY_PLACEHOLDER","alias":"Location_1","tableAlias":null}},{"type":"COLUMN","content":{"table":"Recruitment","column":"PRIM_KEY_PLACEHOLDER","alias":"Recruitment","tableAlias":null}},{"type":"COLUMN","content":{"table":"Study_Results","column":"PRIM_KEY_PLACEHOLDER","alias":"Study_Results","tableAlias":null}},{"type":"COLUMN","content":{"table":"Title","column":"PRIM_KEY_PLACEHOLDER","alias":"Title","tableAlias":null}}]}}}],"taskCounter":10},"recipe":["AddPanel ( 0 ) ;","Panel ( 0 ) | AddPanelEvents ( { \"onSingleClick\" : { \"Unfilter\" : [ { \"panel\" : \"\" , \"query\" : \"<encode>UnfilterFrame(<SelectedColumn>);</encode>\" , \"options\" : { } , \"refresh\" : false , \"default\" : true , \"disabledVisuals\" : [ \"Grid\" , \"Sunburst\" ] , \"disabled\" : false } ] } , \"onBrush\" : { \"Filter\" : [ { \"panel\" : \"\" , \"query\" : \"<encode>if(IsEmpty(<SelectedValues>), UnfilterFrame(<SelectedColumn>), SetFrameFilter(<SelectedColumn>==<SelectedValues>));</encode>\" , \"options\" : { } , \"refresh\" : false , \"default\" : true , \"disabled\" : false } ] } } ) ;","Panel ( 0 ) | RetrievePanelEvents ( ) ;","Panel ( 0 ) | SetPanelView ( \"visualization\" , \"<encode>{\"type\":\"echarts\"}</encode>\" ) ;","Panel ( 0 ) | SetPanelView ( \"federate-view\" , \"<encode>{\"app_id\":\"98e8057b-f05d-44db-9d29-39b50d3cf75f\"}</encode>\" ) ;","CreateFrame ( frameType = [ GRID ] ) .as ( [ 'FRAME295345' ] ) ;","Database ( database = [ \"98e8057b-f05d-44db-9d29-39b50d3cf75f\" ] ) | Select ( Interventions , Recruitment , Title , Study_Results , Location_1 , Disease ) .as ( [ Interventions , Recruitment , Title , Study_Results , Location_1 , Disease ] ) | Join ( ( Title , inner.join , Disease ) , ( Title , inner.join , Location_1 ) , ( Title , inner.join , Interventions ) , ( Title , inner.join , Recruitment ) , ( Title , inner.join , Study_Results ) ) | Import ( ) ;","Panel ( 0 ) | SetPanelView ( \"visualization\" ) ;","Frame ( ) | QueryAll ( ) | AutoTaskOptions ( panel = [ \"0\" ] , layout = [ \"Grid\" ] ) | Collect ( 500 ) ;","Panel ( 0 ) | SetPanelView ( \"visualization\" , \"<encode>{\"type\":\"standard\"}</encode>\" ) ;","Select ( Interventions , Disease , Location_1 , Recruitment , Study_Results , Title ) .as ( [ Interventions , Disease , Location_1 , Recruitment , Study_Results , Title ] ) | With ( Panel ( 0 ) ) | Format ( type = [ 'table' ] ) | TaskOptions ( { \"0\" : { \"layout\" : \"Cluster\" , \"alignment\" : { \"cluster\" : [ \"Interventions\" ] , \"label\" : [ \"Disease\" ] , \"tooltip\" : [ \"Location_1\" , \"Recruitment\" , \"Study_Results\" , \"Title\" ] } } } ) | Collect ( 500 ) ;","Select ( Disease , Location_1 , Recruitment , Study_Results , Title ) .as ( [ Disease , Location_1 , Recruitment , Study_Results , Title ] ) | With ( Panel ( 0 ) ) | Format ( type = [ 'table' ] ) | TaskOptions ( { \"0\" : { \"layout\" : \"Cluster\" , \"alignment\" : { \"cluster\" : [ \"Disease\" ] , \"label\" : [ \"Disease\" ] , \"tooltip\" : [ \"Location_1\" , \"Recruitment\" , \"Study_Results\" , \"Title\" ] } } } ) | Collect ( 500 ) ;","Select ( Disease , Interventions , Location_1 , Recruitment , Study_Results , Title ) .as ( [ Disease , Interventions , Location_1 , Recruitment , Study_Results , Title ] ) | With ( Panel ( 0 ) ) | Format ( type = [ 'table' ] ) | TaskOptions ( { \"0\" : { \"layout\" : \"Cluster\" , \"alignment\" : { \"cluster\" : [ \"Disease\" ] , \"label\" : [ \"Interventions\" ] , \"tooltip\" : [ \"Location_1\" , \"Recruitment\" , \"Study_Results\" , \"Title\" ] } } } ) | Collect ( 500 ) ;","Select ( Disease , Location_1 , Recruitment , Study_Results , Title ) .as ( [ Disease , Location_1 , Recruitment , Study_Results , Title ] ) | With ( Panel ( 0 ) ) | Format ( type = [ 'table' ] ) | TaskOptions ( { \"0\" : { \"layout\" : \"Cluster\" , \"alignment\" : { \"cluster\" : [ \"Disease\" ] , \"label\" : [ \"Disease\" ] , \"tooltip\" : [ \"Location_1\" , \"Recruitment\" , \"Study_Results\" , \"Title\" ] } } } ) | Collect ( 500 ) ;","Panel ( 0 ) | SetPanelLabel ( \"Most Common Diseases in the US\" ) ;"]}