{"engineId":"98e8057b-f05d-44db-9d29-39b50d3cf75f","engineName":"ClinicalTrials","rdbmsId":"bbf8d38c-5526-45e4-b9f1-47187f12cd32","varstore":{},"frames":[{"file":"@BaseFolder@/db/@ENGINE@/version/bbf8d38c-5526-45e4-b9f1-47187f12cd32/FRAME.gz","meta":"@BaseFolder@/db/@ENGINE@/version/bbf8d38c-5526-45e4-b9f1-47187f12cd32/METADATA__FRAME.owl","state":null,"type":"prerna.ds.h2.H2Frame","name":"FRAME","keys":["$CUR_FRAME_KEY","FRAME"]}],"panels":[{"panelId":"0","panelLabel":null,"view":"visualization","viewOptions":null,"viewOptionsMap":"{}","ornaments":"{}","events":"{}","comments":"{}","position":"{}","filters":[],"order":[],"cbv":{}}],"tasks":{"tasks":[{"type":"basic","task":{"taskType":"basic","id":"task1","numCollected":500,"internalOffset":0,"taskOptions":"{\"options\":{\"0\":{\"layout\":\"Grid\",\"alignment\":{\"label\":[\"DISEASE\",\"TITLE_FK\"]}}}}","qs":{"qsType":"FRAME","isDistinct":true,"overrideImplicit":false,"limit":0,"offset":0,"relations":"{}","selectors":["COLUMN",{"table":"DISEASE","column":"PRIM_KEY_PLACEHOLDER","alias":"DISEASE","tableAlias":null},"COLUMN",{"table":"TITLE_FK","column":"PRIM_KEY_PLACEHOLDER","alias":"TITLE_FK","tableAlias":null}]}}}],"taskCounter":2},"recipe":["AddPanel ( 0 ) ;","Panel ( 0 ) | SetPanelView ( \"visualization\" ) ;","CreateFrame ( grid ) .as ( [ FRAME ] ) ;","Database ( ClinicalTrials ) | Select ( DISEASE__DISEASE , DISEASE__TITLE_FK ) | Limit ( 500 ) | Import ( ) ;","Frame ( ) | Select ( f$ DISEASE , f$ TITLE_FK ) | Format ( type = [ 'table' ] ) | TaskOptions ( { \"0\" : { \"layout\" : \"Grid\" , \"alignment\" : { \"label\" : [ \"DISEASE\" , \"TITLE_FK\" ] } } } ) | Collect ( 500 ) ;"]}