{"insightID":"2f379b65-e836-4a56-85e5-b6e202a9535a","pixelReturn":[{"pixelExpression":"if ( ( HasDuplicates ( Interventions ) ) , ( Select ( Interventions , Count ( Interventions ) ) .as ( [ Interventions , CountofInterventions ] ) | Group ( Interventions ) | With ( Panel ( 0 ) ) | Format ( type = [ 'table' ] ) | TaskOptions ( { \"0\" : { \"layout\" : \"Pie\" , \"alignment\" : { \"label\" : [ \"Interventions\" ] , \"value\" : [ \"CountofInterventions\" ] , \"heat\" : [ ] , \"tooltip\" : [ ] , \"facet\" : [ ] } } } ) | Collect ( 500 ) ) , ( Select ( Interventions , Count ( Interventions ) ) .as ( [ Interventions , CountofInterventions ] ) | Group ( Interventions ) | With ( Panel ( 0 ) ) | Format ( type = [ 'table' ] ) | TaskOptions ( { \"0\" : { \"layout\" : \"Pie\" , \"alignment\" : { \"label\" : [ \"Interventions\" ] , \"value\" : [ \"CountofInterventions\" ] , \"heat\" : [ ] , \"tooltip\" : [ ] , \"facet\" : [ ] } } } ) | Collect ( 500 ) ) ) ;","isMeta":false,"output":{"data":{"values":[["Behavioral:_1-sided_messages;Behavioral:_2-sided_messages",1.0],["Behavioral:_12_Week_Kundalini_Yoga_Practices;Behavioral:_Stress_Education_(SE);Behavioral:_12_session_CBT_treatment",2.0],["Behavioral:_12_month_exercise_and_weight_loss_intervention",1.0],["Behavioral:_3H+_(Holistic_Health_for_HIV);Behavioral:_HHRP+_(Holistic_Health_Recovery_Program)",3.0],["Behavioral:_3MV;Behavioral:_PCC;Drug:_Emtricitabine-tenofovir_(FTC-TDF_(TruvadaÃƒÆ’Ã†â€™Ãƒâ€ Ã¢â‚¬â„¢ÃƒÆ’Ã¢â‚¬Â ÃƒÂ¢Ã¢â€šÂ¬Ã¢â€žÂ¢ÃƒÆ’Ã†â€™ÃƒÂ¢Ã¢â€šÂ¬Ã‚Â ÃƒÆ’Ã‚Â¢ÃƒÂ¢Ã¢â‚¬Å¡Ã‚Â¬ÃƒÂ¢Ã¢â‚¬Å¾Ã‚Â¢ÃƒÆ’Ã†â€™Ãƒâ€ Ã¢â‚¬â„¢ÃƒÆ’Ã‚Â¢ÃƒÂ¢Ã¢â‚¬Å¡Ã‚Â¬Ãƒâ€šÃ‚Â ÃƒÆ’Ã†â€™Ãƒâ€šÃ‚Â¢ÃƒÆ’Ã‚Â¢ÃƒÂ¢Ã¢â€šÂ¬Ã…Â¡Ãƒâ€šÃ‚Â¬ÃƒÆ’Ã‚Â¢ÃƒÂ¢Ã¢â€šÂ¬Ã…Â¾Ãƒâ€šÃ‚Â¢ÃƒÆ’Ã†â€™Ãƒâ€ Ã¢â‚¬â„¢ÃƒÆ’Ã¢â‚¬Â ÃƒÂ¢Ã¢â€šÂ¬Ã¢â€žÂ¢ÃƒÆ’Ã†â€™ÃƒÂ¢Ã¢â€šÂ¬Ã…Â¡ÃƒÆ’Ã¢â‚¬Å¡Ãƒâ€šÃ‚Â¢ÃƒÆ’Ã†â€™Ãƒâ€ Ã¢â‚¬â„¢ÃƒÆ’Ã¢â‚¬Å¡Ãƒâ€šÃ‚Â¢ÃƒÆ’Ã†â€™Ãƒâ€šÃ‚Â¢ÃƒÆ’Ã‚Â¢ÃƒÂ¢Ã¢â€šÂ¬Ã…Â¡Ãƒâ€šÃ‚Â¬ÃƒÆ’Ã¢â‚¬Â¦Ãƒâ€šÃ‚Â¡ÃƒÆ’Ã†â€™ÃƒÂ¢Ã¢â€šÂ¬Ã…Â¡ÃƒÆ’Ã¢â‚¬Å¡Ãƒâ€šÃ‚Â¬ÃƒÆ’Ã†â€™Ãƒâ€ Ã¢â‚¬â„¢ÃƒÆ’Ã‚Â¢ÃƒÂ¢Ã¢â‚¬Å¡Ã‚Â¬Ãƒâ€šÃ‚Â¦ÃƒÆ’Ã†â€™ÃƒÂ¢Ã¢â€šÂ¬Ã…Â¡ÃƒÆ’Ã¢â‚¬Å¡Ãƒâ€šÃ‚Â¡ÃƒÆ’Ã†â€™Ãƒâ€ Ã¢â‚¬â„¢ÃƒÆ’Ã¢â‚¬Â ÃƒÂ¢Ã¢â€šÂ¬Ã¢â€žÂ¢ÃƒÆ’Ã†â€™ÃƒÂ¢Ã¢â€šÂ¬Ã‚Â ÃƒÆ’Ã‚Â¢ÃƒÂ¢Ã¢â‚¬Å¡Ã‚Â¬ÃƒÂ¢Ã¢â‚¬Å¾Ã‚Â¢ÃƒÆ’Ã†...",1.0],["Behavioral:_3_month_physical_activity_intervention",1.0],["Behavioral:_ABHR_directly_on_gloves",1.0],["Behavioral:_ACT_HEALTHY;Behavioral:_Nondirective_Therapy_(NDT)",2.0],["Behavioral:_AF_awareness_education",1.0],["Behavioral:_AIM2ACT;Behavioral:_Self-guided",1.0],["Behavioral:_ATM;Behavioral:_Individual_Drug_Counseling",4.0],["Behavioral:_Abstinence-only_HIV-STD_risk-reduction_intervention;Behavioral:_Safer-sex-only_HIV-STD_risk-reduction_intervention;Behavioral:_Long_comprehensive_HIV-STD_risk-reduction_intervention;Behavioral:_Short_comprehensive_HIV-STD_risk-reduction_intervention;Behavioral:_Health_promotion_control_intervention",2.0],["Behavioral:_Abstinence-reinforcing_contingency_management_intervention;Behavioral:_Performance_Feedback_intervention",2.0],["Behavioral:_Abstinence_&_Work;Behavioral:_Work_Only",4.0],["Behavioral:_Accountable_Condition;Behavioral:_Control_Condition",5.0],["Behavioral:_Adapted_Enhanced-RESPECT_(HIV_prevention_intervention)",2.0],["Behavioral:_Adherence_Counseling;Behavioral:_General_Health_Counseling;Behavioral:_Text_Messages",1.0],["Behavioral:_Adherence_report",1.0],["Behavioral:_Adolescents_Coping,_Connecting,_Empowering,_and_Protecting_Together_(Project_ACCEPT)",1.0],["Behavioral:_Affect_Regulation_Treatment_to_Enhance_Meth_Intervention_Success_(ARTEMIS);Behavioral:_Contingency_Management_(CM)",2.0],["Behavioral:_Afiya_HIV_Prevention_Intervention;Behavioral:_Afiya_HIV_prevention_intervention",1.0],["Behavioral:_Alcohol_Use_BI;Behavioral:_Nutrition_Intervention",2.0],["Behavioral:_Alere_q_HIV-1-2_Detect_for_point_of_care_infant_testing;Behavioral:_GeneXpert_HIV-1_Qual_for_point_of_care_infant_testing;Behavioral:_HIV_DNA_PCR_testing_(Standard_of_Care)",4.0],["Behavioral:_Alternate_Day_Fasting;Behavioral:_Continuous_dietary_restriction",1.0],["Behavioral:_American_Heart_Association_Step_1_diet;Behavioral:_American_Heart_Association_Step_2_diet_+_10_g-day_flax_seed;Behavioral:_Macrobiotic_dietary_intervention",4.0],["Behavioral:_Antiretroviral_Treatment_Interruption",1.0],["Behavioral:_App-based_behavioral_intervention;Behavioral:_Attention_control_group",1.0],["Behavioral:_Asthma:_Its_a_Family_Affair!;Behavioral:_Asthma_and_Stress_Comparator",2.0],["Behavioral:_AsthmaNet",1.0],["Behavioral:_Asthma_Coaching_Program;Behavioral:_Usual_Care",1.0],["Behavioral:_Asthma_Communication_Education;Behavioral:_Standard_Asthma_Education",1.0],["Behavioral:_Asthma_Education_Program",2.0],["Behavioral:_Asthma_Supervision;Behavioral:_Mobile_Phone;Behavioral:_Inhaled_Corticosteroid_Mobile_Phone_Application;Behavioral:_Beta2-adrenergic_agonist_Mobile_Phone_Application",1.0],["Behavioral:_Asthma_coaching",1.0],["Behavioral:_Asthma_in-school_class;Behavioral:_Asthma_Day_Camp;Behavioral:_Health_Promotion_in-school_class",1.0],["Behavioral:_Automated_Messaging_&_Monitoring;Behavioral:_Peer_Support;Behavioral:_Coaching",4.0],["Behavioral:_Automated_Phone-Based_Refill_Reminders",1.0],["Behavioral:_Automated_diary_system",1.0],["Behavioral:_BCAP_peer-driven_intervention_(PDI);Behavioral:_Control_intervention",1.0],["Behavioral:_BEST-maCARE;Behavioral:_Attention_Control_Condition",2.0],["Behavioral:_BRO_HIV_Risk_Reduction_Intervention;Behavioral:_Health_Promotion_Intervention",2.0],["Behavioral:_Baseline_Fitness_Test;Behavioral:_Questionnaires;Behavioral:_Individualized_Exercise_Program;Behavioral:_Written_Materials",1.0],["Behavioral:_Basic_public_reporting;Behavioral:_Enhanced_intervention;Behavioral:_Control_group_-_observational",1.0],["Behavioral:_Be_Proud!_Be_Responsible!;Behavioral:_Becoming_A_Responsible_Teen_(BART);Behavioral:_Reducing_the_Risk",1.0],["Behavioral:_Bedtime_routine;Behavioral:_Sleep_schedule;Behavioral:_Intervention_(bedtime);Behavioral:_Intervention_(after_night_wakings)",1.0],["Behavioral:_Behavior_Lifestyle_Intervention;Other:_Usual_prenatal_care",1.0],["Behavioral:_Behavior_Therapy",3.0],["Behavioral:_Behavior_Therapy-RISE;Behavioral:_Standard_prevention_Education",1.0],["Behavioral:_Behavioral_Dietary_Intervention;Behavioral:_Exercise_Intervention;Device:_Monitoring_Device;Procedure:_Psychosocial_Assessment_and_Care;Other:_Quality-of-Life_Assessment;Other:_Questionnaire_Administration",9.0],["Behavioral:_Behavioral_Drug_and_HIV_Risk_Reduction_Counseling_(BDRC);Behavioral:_Drug_counseling",2.0],["Behavioral:_Behavioral_Intervention;Other:_Questionnaire_Administration",9.0],["Behavioral:_Behavioral_Intervention_Arm;Behavioral:_Organizational_Interventions_Arm",1.0],["Behavioral:_Behavioral_activation-problem-solving_(BA-PS)",1.0],["Behavioral:_Behavioral_intervention",1.0],["Behavioral:_Behavioral_intervention;Behavioral:_Risk-reduction_counseling",1.0],["Behavioral:_Behavioral_techniques",14.0],["Behavioral:_Breast_Reconstruction_Decisional_Aid_(BRDA);Behavioral:_Usual_Care",1.0],["Behavioral:_Breathe2Relax",4.0],["Behavioral:_Brief_Behavioral_Therapy;Behavioral:_Telephone-Based_Intervention;Other:_Educational_Intervention",7.0],["Behavioral:_Brief_FOCUS_Program;Behavioral:_Extensive_FOCUS_Program",1.0],["Behavioral:_Brief_Intervention",2.0],["Behavioral:_Brief_Intervention_(BI)_with_Technology_Extender;Other:_Brochure",2.0],["Behavioral:_Brief_Motivational_Intervention;Behavioral:_Brief_Informational_Intervention;Behavioral:_Intensive_Informational_Intervention;Behavioral:_Intensive_Info-Motivation-Behavioral_Skills_Intervention",2.0],["Behavioral:_Brief_Motivational_Intervention_(BMI);Behavioral:_Brief_Advice",2.0],["Behavioral:_Brief_alcohol_intervention_based_on_Project_Treat;Behavioral:_Standard_care",2.0],["Behavioral:_Brief_motivational_intervention",8.0],["Behavioral:_Bruthas_Project;Behavioral:_Standard_HIV_Testing_and_Counseling",1.0],["Behavioral:_CAP-IT",1.0],["Behavioral:_CBSM-SMI",6.0],["Behavioral:_CBT-AD;Behavioral:_ETAU",6.0],["Behavioral:_CHESS_(Comprehensive_Health_Enhancement_Support_System);Behavioral:_CHESS",1.0],["Behavioral:_CHESS_(Comprehensive_Health_Enhancement_Support_System)_and_Human_Cancer_Mentor",4.0],["Behavioral:_CNU_Intervention;Behavioral:_WP_Intervention",2.0],["Behavioral:_COMB_-_Combination_Cognitive_Behavioral_Therapy_and_Medication_Management;Behavioral:_TAU_-_Treatment_as_Usual",2.0],["Behavioral:_CRAFT-T;Behavioral:_Treatment_as_usual",3.0],["Behavioral:_Cancer-Focused_Relationship_Enhancement;Behavioral:_Couples_Cancer_Education",1.0],["Behavioral:_Capnometry_Assisted_Respiration_Training;Behavioral:_Breathing_Awareness",1.0],["Behavioral:_Care_management",1.0],["Behavioral:_CaringGuidanceÃƒÆ’Ã†â€™Ãƒâ€ Ã¢â‚¬â„¢ÃƒÆ’Ã¢â‚¬Â ÃƒÂ¢Ã¢â€šÂ¬Ã¢â€žÂ¢ÃƒÆ’Ã†â€™ÃƒÂ¢Ã¢â€šÂ¬Ã‚Â ÃƒÆ’Ã‚Â¢ÃƒÂ¢Ã¢â‚¬Å¡Ã‚Â¬ÃƒÂ¢Ã¢â‚¬Å¾Ã‚Â¢ÃƒÆ’Ã†â€™Ãƒâ€ Ã¢â‚¬â„¢ÃƒÆ’Ã‚Â¢ÃƒÂ¢Ã¢â‚¬Å¡Ã‚Â¬Ãƒâ€šÃ‚Â ÃƒÆ’Ã†â€™Ãƒâ€šÃ‚Â¢ÃƒÆ’Ã‚Â¢ÃƒÂ¢Ã¢â€šÂ¬Ã…Â¡Ãƒâ€šÃ‚Â¬ÃƒÆ’Ã‚Â¢ÃƒÂ¢Ã¢â€šÂ¬Ã…Â¾Ãƒâ€šÃ‚Â¢ÃƒÆ’Ã†â€™Ãƒâ€ Ã¢â‚¬â„¢ÃƒÆ’Ã¢â‚¬Â ÃƒÂ¢Ã¢â€šÂ¬Ã¢â€žÂ¢ÃƒÆ’Ã†â€™Ãƒâ€šÃ‚Â¢ÃƒÆ’Ã‚Â¢ÃƒÂ¢Ã¢â€šÂ¬Ã…Â¡Ãƒâ€šÃ‚Â¬ÃƒÆ’Ã¢â‚¬Â¦Ãƒâ€šÃ‚Â¡ÃƒÆ’Ã†â€™Ãƒâ€ Ã¢â‚¬â„¢ÃƒÆ’Ã‚Â¢ÃƒÂ¢Ã¢â‚¬Å¡Ã‚Â¬Ãƒâ€¦Ã‚Â¡ÃƒÆ’Ã†â€™ÃƒÂ¢Ã¢â€šÂ¬Ã…Â¡ÃƒÆ’Ã¢â‚¬Å¡Ãƒâ€šÃ‚Â¢ÃƒÆ’Ã†â€™Ãƒâ€ Ã¢â‚¬â„¢ÃƒÆ’Ã¢â‚¬Â ÃƒÂ¢Ã¢â€šÂ¬Ã¢â€žÂ¢ÃƒÆ’Ã†â€™ÃƒÂ¢Ã¢â€šÂ¬Ã‚Â ÃƒÆ’Ã‚Â¢ÃƒÂ¢Ã¢â‚¬Å¡Ã‚Â¬ÃƒÂ¢Ã¢â‚¬Å¾Ã‚Â¢ÃƒÆ’Ã†â€™Ãƒâ€ Ã¢â‚¬â„¢ÃƒÆ’Ã‚Â¢ÃƒÂ¢Ã¢â‚¬Å¡Ã‚Â¬Ãƒâ€¦Ã‚Â¡ÃƒÆ’Ã†â€™ÃƒÂ¢Ã¢â€šÂ¬Ã…Â¡ÃƒÆ’Ã¢â‚¬Å¡Ãƒâ€šÃ‚Â¢ÃƒÆ’Ã†â€™Ãƒâ€ Ã¢â‚¬â„¢ÃƒÆ’Ã¢â‚¬Â ÃƒÂ¢Ã¢â€šÂ¬Ã¢â€žÂ¢ÃƒÆ’Ã†â€™ÃƒÂ¢Ã¢â€šÂ¬Ã…Â¡ÃƒÆ’Ã¢â‚¬Å¡Ãƒâ€š...",1.0],["Behavioral:_Case-management_linkage_intervention",3.0],["Behavioral:_Cell_Phone_Intervention",2.0],["Behavioral:_Cell_Phone_Intervention;Other:_Recommended_Standard_of_Care",1.0],["Behavioral:_CenteringPregnancy;Behavioral:_CenteringPregnancyPlus;Behavioral:_Usual_care",2.0],["Behavioral:_CenteringPregnancy_Plus_(CP+);Behavioral:_Usual_care",3.0],["Behavioral:_Cessation_Counseling",3.0],["Behavioral:_Change_the_Cycle",6.0],["Behavioral:_Chronic_Disease_Self-Management_Program_(CDSMP);Behavioral:_Mail-delivered_arthritis_kit;Behavioral:_Support_group;Behavioral:_Listserv",2.0],["Behavioral:_Coach_Training_(COACH);Behavioral:_Printed_Educational_Materials_(PEM)",3.0],["Behavioral:_Cocinar_Para_Su_Salud_Program;Behavioral:_Written_dietary_recommendations",1.0],["Behavioral:_Cognitive-Behavioral_Intervention",1.0],["Behavioral:_Cognitive-Behavioral_Therapy_AD",2.0],["Behavioral:_Cognitive-behavioral_HIV-STD_risk_reduction",1.0],["Behavioral:_Cognitive-behavioral_relaxation_(Positively_Living);Behavioral:_Spiritual_growth_group;Behavioral:_Focused_Tai_Chi",1.0],["Behavioral:_Cognitive-behavioral_therapy",1.0],["Behavioral:_Cognitive_Behavior_Coping_Skills",2.0],["Behavioral:_Cognitive_Behavior_Therapy;Other:_Quality-of-Life_Assessment;Other:_Questionnaire_Administration;Other:_Survey_Administration",108.0],["Behavioral:_Cognitive_Behavioral_Stress_Management;Behavioral:_a_psycho-educational_control",1.0],["Behavioral:_Cognitive_Behavioral_Stress_Management_(CBSM)_group_intervention",1.0],["Behavioral:_Cognitive_Behavioral_Therapy",7.0],["Behavioral:_Cognitive_Behavioral_Therapy;Behavioral:_Psychopharmacology",3.0],["Behavioral:_Cognitive_Behavioral_Therapy_for_Adherence_and_Depression",2.0],["Behavioral:_Cognitive_Behavioral_Therapy_for_Seizures;Other:_Standard_Medical_Care",4.0],["Behavioral:_Cognitive_Behavioral_Therapy_techniques",1.0],["Behavioral:_Cognitive_Behavioral_Training;Behavioral:_Relaxation_Training;Behavioral:_Health_Education_Control",1.0],["Behavioral:_Cognitive_Behavioral_and_Standard_Care_with_Healthy_Living",1.0],["Behavioral:_Cognitive_Interview;Behavioral:_Questionnaires;Behavioral:_Focus_Groups",2.0],["Behavioral:_Cognitive_Processing_Therapy-Cognitive",3.0],["Behavioral:_Cognitive_behavioral_coping_effectiveness_training;Behavioral:_Standard_care;Behavioral:_Single_group_workshop_on_coping_effectiveness_training",1.0],["Behavioral:_Cognitive_behavioral_intervention;Behavioral:_Standard_counseling",1.0],["Behavioral:_Cognitive_behavioral_therapy_(CBT)",2.0],["Behavioral:_Cognitive_behavioral_therapy_(CBT)_for_adherence_and_depression_(CBT-AD);Behavioral:_Life-steps_adherence_treatment;Behavioral:_Information_and_supportive_psychotherapy_(ISP)_for_adherence_and_depression_(ISP-AD)",2.0],["Behavioral:_Cognitive_behavioral_treatment_for_depression",2.0],["Behavioral:_Collaboration_with_an_IT_enabled_nurse_care_manager;Behavioral:_Education_and_academic_detailing;Behavioral:_Facilitated_access_to_a_specialist_in_addictions",3.0],["Behavioral:_Collaborative_Management_in_Pediatrics_(CMP)_Program",3.0],["Behavioral:_Communication_skills_training_video;Behavioral:_substance_use_module;Behavioral:_Couples_HIV_Testing_and_Counseling",2.0],["Behavioral:_Community-based_buprenorphine_treatment_(CBBT)_intervention",2.0],["Behavioral:_Community-friendly_Health_Recovery_Program;Behavioral:_Time-and-Attention-Matched_Control_Condition",2.0],["Behavioral:_Community_Health_Worker_Intervention;Other:_Air_Filter;Other:_Air_Filter_and_Air_Conditioner",1.0],["Behavioral:_Community_Health_Worker_support",1.0],["Behavioral:_Community_Mobilization",3.0],["Behavioral:_Community_Reinforcement_Approach_(CRA)_+_HIV_prevention;Behavioral:_Case_Management_+_HIV_Prevention;Behavioral:_Motivational_Enhancement_Therapy_(MET)_+_HIV_prevention",1.0],["Behavioral:_Compass_Course",1.0],["Behavioral:_Comprehensive_Health_Enhancement_Support_System;Behavioral:_computer_with_internet",2.0],["Behavioral:_Comprehensive_Health_Enhancement_Support_System_(CHESS.)",1.0],["Behavioral:_Computer-based_Intervention",2.0],["Behavioral:_Computer-based_alcohol_reduction_intervention;Behavioral:_Standard-of-care",3.0],["Behavioral:_Computer-based_parent-adolescent_HIV_communication",3.0],["Behavioral:_Computer-facilitated_HIV_intervention;Behavioral:_Attention_Control",2.0],["Behavioral:_Computer_Program;Behavioral:_Focus_Group;Other:_Written_Materials;Behavioral:_Questionnaires",1.0],["Behavioral:_Computerized_brief_alcohol_intervention_+_IVR_booster_calls;Behavioral:_Computerized_brief_alcohol_intervention;Behavioral:_Attention_Control",4.0],["Behavioral:_Computerized_brief_intervention;Behavioral:_Counselor_delivered_brief_intervention",2.0],["Behavioral:_Concentration-controlled_therapy",1.0],["Behavioral:_Contingency_Management_(CM)",5.0],["Behavioral:_Contingency_Management_Counseling;Behavioral:_Addiction_Physician_Management;Behavioral:_Motivational_Enhancement_Therapy",1.0],["Behavioral:_Contingency_management",4.0],["Behavioral:_Contingency_management;Behavioral:_Employment_Only",4.0],["Behavioral:_Continuing,_preventative_care",2.0],["Behavioral:_Coping_Peer_Support;Behavioral:_Doctor_Asthma_Messages;Behavioral:_Coping_Peer_Asthma_Messages;Behavioral:_Asthma_Supervision;Behavioral:_Music_Tracks",1.0],["Behavioral:_Coping_with_Breast_Cancer_web-based_workbook",1.0],["Behavioral:_Core;Behavioral:_Support_Calls;Behavioral:_App+;Behavioral:_Online_gym;Behavioral:_App_notifications;Behavioral:_Buddy",2.0],["Behavioral:_Counseling;Behavioral:_Urine_Cotinine_Feedback;Behavioral:_Contingent_Incentives;Behavioral:_Usual_education_program",2.0],["Behavioral:_Counseling_in_the_home",1.0],["Behavioral:_Counseling_session;Other:_Questionnaire_1;Other:_Questionnaire_2;Other:_online_questionnaire",1.0],["Behavioral:_Counseling_sessions;Behavioral:_Group_workshop",1.0],["Behavioral:_Counselor-based_HIV_screening;Behavioral:_Emergency_staff_member-based_HIV_screening",1.0],["Behavioral:_Couples-Based_Behavioral_Weight_and_Symptom_Management",1.0],["Behavioral:_Couples_HIV_counseling_and_testing;Behavioral:_Womens_relationship-focused_HIV_counseling_and_testing",1.0],["Behavioral:_Couples_Intervention;Behavioral:_Womens_CoOp;Behavioral:_Womens_CoOp_and_Mens_Intervention",2.0],["Behavioral:_Couples_Voluntary_HIV_Counseling_and_Testing;Behavioral:_Individual_Counseling_and_Testing",1.0],["Behavioral:_DVD_1;Behavioral:_DVD_2",2.0],["Behavioral:_DVD_Intervention",3.0],["Behavioral:_Detailed_baseline_interview,_enhanced_HIV_intervention;Behavioral:_General_baseline_interview,_enhanced_HIV_intervention;Behavioral:_No_baseline_interview,_enhanced_HIV_intervention;Behavioral:_Detailed_baseline_interview,_standard_of_care_intervention;Behavioral:_General_baseline_interview,_standard_of_care_intervention;Behavioral:_No_baseline_interview,_standard_of_care_intervention",1.0],["Behavioral:_Diet;Behavioral:_Exercise;Drug:_Niacin;Drug:_Fenofibrate;Other:_Placebos",7.0],["Behavioral:_Diet;Other:_Spiritual_counseling",3.0],["Behavioral:_Dietary_intervention",2.0],["Behavioral:_Digital_stories;Behavioral:_Informational_videos",1.0],["Behavioral:_Directly_Observed_Therapy;Behavioral:_Wirelessly_Observed_Therapy",2.0],["Behavioral:_Directly_Observed_Therapy_(DOT);Drug:_Fluoxetine",2.0],["Behavioral:_Directly_administered_antiretroviral_therapy_(DAART)",2.0],["Behavioral:_Directly_observed_therapy_(DOT)",1.0],["Behavioral:_Disclosure_Intervention;Behavioral:_Attention_Control_Case_Management",1.0],["Behavioral:_Distributed_Asthma_Learning_Initiative_(DALI)_distance_learning_program",1.0],["Behavioral:_E-PrEP-_Peer-Led_Intervention_about_PrEP;Behavioral:_BxNow_-_General_Health_Campaign",2.0],["Behavioral:_E-WORTH;Behavioral:_Streamlined_HIV_Testing",6.0],["Behavioral:_Eban_HIV-STD_Risk_Reduction_Intervention;Behavioral:_Eban_Health_Promotion_Intervention",2.0],["Behavioral:_Educational_Small_Group_Session",1.0],["Behavioral:_Educational_counseling_intervention",1.0],["Behavioral:_Effectiveness_of_different_strategies_in_HIV_testing_and_linkage_to_care",1.0],["Behavioral:_Employment_Intervention",1.0],["Behavioral:_Empowerment;Behavioral:_Education",2.0],["Behavioral:_Enhanced_Counseling;Behavioral:_Standard_of_Care",1.0],["Behavioral:_Enhanced_ICCS_with_KPNW_web_resources_and_the_Comprehensive_Health_Enhancement_Support_System_(CHESS.)",1.0],["Behavioral:_Enhanced_Internet_DA;Behavioral:_Internet_DA;Behavioral:_Enhanced_Print_DA;Behavioral:_Print_DA;Behavioral:_Inconclusive_Results_DA",2.0],["Behavioral:_Enhanced_PrEP_Adherence;Behavioral:_Standard_PrEP_Adherence",1.0],["Behavioral:_Enhanced_Sexual_Health_Intervention_for_Men_(ES-HIM);Behavioral:_Health_Promotion_(HP)_Comparison_Arm",3.0],["Behavioral:_Enhanced_nursing_telephone_support;Behavioral:_Standard_care",1.0],["Behavioral:_Epic_Allies_App_Intervention;Behavioral:_Epic_Allies_-_Control_Branch",1.0],["Behavioral:_Evolution:_Young_Women_Taking_Charge_and_Growing_Stronger",1.0],["Behavioral:_Exercise_Intervention;Other:_Informational_Intervention;Other:_Laboratory_Biomarker_Analysis;Other:_Quality-of-Life_Assessment;Other:_Questionnaire_Administration",15.0],["Behavioral:_Exercise_Intervention;Other:_Laboratory_Biomarker_Analysis;Device:_Monitoring_Device;Other:_Quality-of-Life_Assessment;Other:_Questionnaire_Administration",16.0],["Behavioral:_Exercise_Intervention;Other:_Laboratory_Biomarker_Analysis;Other:_Quality-of-Life_Assessment;Other:_Questionnaire_Administration",7.0],["Behavioral:_Exercise_Program;Behavioral:_Website;Behavioral:_Exercise_DVD;Behavioral:_Survey;Behavioral:_Self-Report_Assessments",1.0],["Behavioral:_Exercise_instruction_with_motivational_interview;Behavioral:_Self-monitoring",3.0],["Behavioral:_Exercise_training",3.0],["Behavioral:_Experimental:_Mentored_Gardening_Intervention",1.0],["Behavioral:_Experimental_1:_exercise_with_2_counseling_types;Other:_Usual_Care_-_written_materials",1.0],["Behavioral:_Experimental_Intervention;Behavioral:_TAU",2.0],["Behavioral:_Experimental_Intervention_(STEP-AD);Behavioral:_Enhanced_Treatment_as_Usual_(E-TAU)",1.0],["Behavioral:_FITT:_Family_Intervention_-_Telephone_Tracking",1.0],["Behavioral:_FLARE",2.0],["Behavioral:_FOCUS-Web",4.0],["Behavioral:_FOYC;Behavioral:_Goal_for_it_(GFI);Behavioral:_Wonderous_Wetlands;Behavioral:_Caribbean_Informed_Parents_and_Children_Together_(CImPACT);Behavioral:_Bahamian_Focus_on_Older_Youth_(BFOOY);Behavioral:_Health_and_Family_Life_Curriculum_(HFLE)",1.0],["Behavioral:_Face-to-Face_Meetings;Behavioral:_Email_Only",1.0],["Behavioral:_Face-to-face_training;Behavioral:_Distance_training;Behavioral:_Popular_Opinion_Leader_(POL)",1.0],["Behavioral:_Facilitated_Asthma_Communication_Intervention_(FACI);Behavioral:_Breathmobile_intervention",2.0],["Behavioral:_Family-Based_Risk_Reduction_Intervention",1.0],["Behavioral:_Family-Responsive_Psychoeducation_Program_(PERF)",2.0],["Behavioral:_Family-based_family_cancer_literacy_intervention;Behavioral:_Control",1.0],["Behavioral:_Family_Centered_Advanced_Care_Planning_(FCACP)_sessions;Behavioral:_Health_education_control_sessions",1.0],["Behavioral:_Family_First",1.0],["Behavioral:_Feedback_of_patient_adherence_information;Behavioral:_Active_control_group",2.0],["Behavioral:_Female_condom_skills_training",1.0],["Behavioral:_Financial_Incentive;Behavioral:_Social_Media_Group",1.0],["Behavioral:_Focus_Group;Behavioral:_First_Intervention_Trial;Behavioral:_Intervention_Trial_2",1.0],["Behavioral:_G-BMT;Behavioral:_Treatment_as_usual;Drug:_Buprenorphine",1.0],["Behavioral:_Graphic_cigarette_warning_labels,_plain_packaging",1.0],["Behavioral:_Group_Counseling",1.0],["Behavioral:_Group_Meetings;Behavioral:_Questionnaire",1.0],["Behavioral:_Group_Sessions",1.0],["Behavioral:_Group_phone_counseling;Behavioral:_Newsletter",2.0],["Behavioral:_Guy2Guy_(G2G)",1.0],["Behavioral:_HARP_Intervention",8.0],["Behavioral:_HBV_Screening_-_Small_group_educational_session;Behavioral:_Nutrition_-_Small_group_educational_session",1.0],["Behavioral:_HEART_to_HAART;Behavioral:_adherence_counseling_with_the_addition_of_smartphone_control",2.0],["Behavioral:_HIV,_STD,_Pregnancy_Prevention_Curriculum",3.0],["Behavioral:_HIV,_STD,_and_pregnancy_prevention_curriculum;Behavioral:_Standard_sexual_education_curriculum",3.0],["Behavioral:_HIV-STI_Prevention_Intervention;Behavioral:_General_Health_Control_Intervention",4.0],["Behavioral:_HIV-related_text_messaging;Behavioral:_Nutrition-related_text_messaging",1.0],["Behavioral:_HIVPASS;Other:_Health_Education",3.0],["Behavioral:_HIV_Infant_Tracking_System_(HITSystem)_2.0;Behavioral:_Standard_of_PMTCT_care",1.0],["Behavioral:_HIV_Risk_Behavior_Intervention",1.0],["Behavioral:_HIV_Symptom_Education_Program",1.0],["Behavioral:_HIV_Testing_Message_Intervention;Behavioral:_Control",1.0],["Behavioral:_HIV_prevention_intervention;Behavioral:_Diet_and_Nutrition",1.0],["Behavioral:_HIV_risk_education",1.0],["Behavioral:_HOME_Study_intervention;Behavioral:_Control",3.0],["Behavioral:_HORIZONS_HIV_Intervention;Behavioral:_enhanced_standard-of-care",2.0],["Behavioral:_HealthWise_South_Africa_curriculum",4.0],["Behavioral:_Health_Coach_and_HEPA_Air_cleaners;Behavioral:_Health_Coach_and_HEPA_air_cleaners",1.0],["Behavioral:_Health_Enhancement_Program;Behavioral:_Mindfulness-Based_Stress_Reduction",2.0],["Behavioral:_Health_Improvement_Project_for_Teens_on_HIV_Prevention",2.0],["Behavioral:_Health_Newsletter",3.0],["Behavioral:_Health_Partner;Behavioral:_Standard_Care",1.0],["Behavioral:_Health_literacy,_health_message",2.0],["Behavioral:_Healthy_Choices_-_Motivational_Enhancement_Intervention;Behavioral:_Standard_care",1.0],["Behavioral:_Heart_rate_variability_biofeedback;Behavioral:_Placebo",1.0],["Behavioral:_Heart_to_Heart",2.0],["Behavioral:_Hepatitis_C_educational_support_groups;Behavioral:_Cognitive_Behavioral_Therapy_skills_based_group_sessions",5.0],["Behavioral:_High_intensity_exercise;Dietary_Supplement:_Omega-3_fish_oil;Behavioral:_Yoga;Dietary_Supplement:_olive_oil_capsules",3.0],["Behavioral:_Holistic_Health_Recovery_Program_for_HIV+",1.0],["Behavioral:_Home_weight_loss_program",1.0],["Behavioral:_Hypnosis;Behavioral:_Attention_Control",2.0],["Behavioral:_IBFT_-HIV_prevention;Behavioral:_IBFT",1.0],["Behavioral:_IMAGE_Intervention",1.0],["Behavioral:_IVR_only;Behavioral:_IVR+PCC",3.0],["Behavioral:_Immediate_exercise;Behavioral:_Delayed_exercise",1.0],["Behavioral:_Impact_of_Crime_Modules;Behavioral:_TAU",6.0],["Behavioral:_Impact_of_Crime_group_intervention",5.0],["Behavioral:_Implementation_Facilitation",1.0],["Behavioral:_Implementation_intervention",2.0],["Behavioral:_Improving_AIDS_Care_after_Trauma_(ImpACT)",4.0],["Behavioral:_In-person_education;Behavioral:_E-communication;Behavioral:_Control",1.0],["Behavioral:_In_The_Mix;Behavioral:_Information_Support_Group",1.0],["Behavioral:_Indiana_SNAP-Ed",4.0],["Behavioral:_Individual_Stress_Management;Other:_Wait_List_Control",1.0],["Behavioral:_Individualized_Cognitive_Training;Other:_No-Contact_Control",8.0],["Behavioral:_Infant_obesity_prevention;Behavioral:_Financial_coaching",1.0],["Behavioral:_Information-Motivation-Behavioral_Skills_model;Behavioral:_Traumagenic_Dynamics_model",2.0],["Behavioral:_Information-motivation-behavior_skills_and_cognitive_processing_therapy;Behavioral:_Pre_and_Post_HIV-Test_Counseling",1.0],["Behavioral:_Integrated_Intervention_for_Dual_Problems_and_Early_Action",1.0],["Behavioral:_Integrated_cognitive-behavioral_therapy_for_smoking_cessation_and_anxiety;Behavioral:_Control",3.0],["Behavioral:_Integrated_treatment_program;Behavioral:_Treatment_as_Usual",1.0],["Behavioral:_Intensive_Meditation_Practice;Behavioral:_Mindfulness_Based_Stress_Reduction;Behavioral:_Health_Enhancement_Program",5.0],["Behavioral:_Interactive_Voice_Response_(IVR)_Reminders",5.0],["Behavioral:_Internet-based_smoking_treatment;Behavioral:_Individual_Counseling;Behavioral:_self-help",1.0],["Behavioral:_Internet-based_tailored_prevention_messages;Behavioral:_Non-tailored_messages",2.0],["Behavioral:_Intervention",9.0],["Behavioral:_Intervention_Coaching_Group",1.0],["Behavioral:_Intervention_Condition;Behavioral:_Control_Condition",2.0],["Behavioral:_Intervention_Subjects",1.0],["Behavioral:_Interview",3.0],["Behavioral:_Intimacy_Enhancing_Intervention;Behavioral:_Educational_Control;Behavioral:_Partner-Assisted_Coping_Skills_Training;Behavioral:_Behavioral,_Psychological_or_Informational_Intervention",1.0],["Behavioral:_Ipod_video",3.0],["Behavioral:_Its_Your_Game_Tech",2.0],["Behavioral:_Keep_It_Up!;Behavioral:_HIV_Knowledge_Control",3.0],["Behavioral:_Keep_It_Up!;Behavioral:_Information_only",1.0],["Behavioral:_Kin_KeeperSM_Cancer_Prevention_Intervention;Other:_Standard_of_care",2.0],["Behavioral:_Latino_STYLE",2.0],["Behavioral:_Lay_health_advisor_interactions",4.0],["Behavioral:_Leap-c_group_intervention",1.0],["Behavioral:_Level_1;Behavioral:_Level_2;Behavioral:_Level_3",4.0],["Behavioral:_LifeWindows_Intervention_Sessions;Other:_Control",2.0],["Behavioral:_Life_Skills_Intervention",1.0],["Behavioral:_Lifestyle_Modification;Other:_No_lifestyle_modification",2.0],["Behavioral:_Light-to-Moderate_Physical_Activity_-_Sedentary_Time",1.0],["Behavioral:_Link2CARE",5.0],["Behavioral:_Linkage-to-Care_Component:_Financial_Incentive_(FI);Behavioral:_Linkage-to-Care_Component:_Standard_of_Care_(SOC);Behavioral:_Viral_Suppression_Component:_FI;Behavioral:_Viral_Suppression_Component:_SOC;Behavioral:_Prevention_for_Positives_Component:_Counseling_and_SOC;Behavioral:_Prevention_for_Positives_Component:_SOC",1.0],["Behavioral:_Live_Donor_Champion_Program",1.0],["Behavioral:_Love,_Sex,_&_Choices",5.0],["Behavioral:_Low_Intensity_Exercise_Training_1;Behavioral:_Low_Intensity_Exercise_Training_2",1.0],["Behavioral:_MAADRE;Behavioral:_MAAS",2.0],["Behavioral:_MAST_-_Managing_Asthma_&_Sleep_in_Teens;Behavioral:_ASMA_-_Asthma_Self-Management_for_Adol;Behavioral:_Information_&_Referral_Control_Group",2.0],["Behavioral:_MBSR",2.0],["Behavioral:_MBSR_Course;Behavioral:_HEP_Course",1.0],["Behavioral:_MBSR_Program;Behavioral:_HT_Program",4.0],["Behavioral:_MESA",1.0],["Behavioral:_MI_+_CBST_Intervention",3.0],["Behavioral:_MI_plus_IOC_group_intervention;Behavioral:_Motivational_Interview_only",6.0],["Behavioral:_MOVE_Intervention;Behavioral:_H4L_Comparison_Intervention",2.0],["Behavioral:_MR_Therapy;Behavioral:_Relaxing_Music_(RM)_Therapy;Behavioral:_Standard_Symptom_Management;Behavioral:_Questionnaires",6.0],["Behavioral:_MY-SKILLS;Behavioral:_MY-SKILLS_control",2.0],["Behavioral:_M_CHESS",1.0],["Behavioral:_Male_Couples_Agreement_Project",1.0],["Behavioral:_Managed_problem_solving;Behavioral:_Standard_care",1.0],["Behavioral:_Mantram_Repetition",1.0],["Behavioral:_Maryland_HEARS;Device:_Maryland_HEARS",2.0],["Behavioral:_Maybe,_Maybe_Not;Behavioral:_Comprehensive_Risk_Counseling_and_Services",2.0],["Behavioral:_MedCHEC_Tablet_Computer_&_Adherence_Care",3.0],["Behavioral:_Meditative_Slow_Breathing_(MSB);Behavioral:_Isha_Kriya_(IK)_Meditation;Other:_Standard_of_Care;Behavioral:_Questionnaires",1.0],["Behavioral:_Men_Together_Making_a_Difference_Health_Promotion_Intervention;Behavioral:_Health_Awareness_Control_Intervention",5.0],["Behavioral:_Men_of_African_American_Legacy_Empowering_Self;Behavioral:_Standard_HIV_Education_&_Risk_Reduction",1.0],["Behavioral:_Message_Sidedness",1.0],["Behavioral:_Mindfulness-Based_Stress_Reduction_(MBSR);Behavioral:_HIV-education_and_self-management_workshop",1.0],["Behavioral:_Mindfulness-based_Stress_Reduction;Behavioral:_MS_Education_Control",1.0],["Behavioral:_Mindfulness-based_Stress_Reduction_(MBSR)",1.0],["Behavioral:_Mindfulness_Meditation",1.0],["Behavioral:_Mindfulness_Training_(MT);Behavioral:_Health_Coaching_(HC)",1.0],["Behavioral:_Mobile-enhanced_Engagement_Intervention",1.0],["Behavioral:_Moderate-Intensity_Aerobic_Exercise_Intervention",1.0],["Behavioral:_Modified_Directly_Observed_Therapy;Behavioral:_Standard_Care",1.0],["Behavioral:_Monetary_Incentive;Behavioral:_Questionnaire_Timing;Behavioral:_HIV_Test_Offering",1.0],["Behavioral:_Motivational_Enhancement_System_for_Adherence_(MESA);Behavioral:_Motivational_Enhancement_System_for_Health_(MESH)",1.0],["Behavioral:_Motivational_Interviewing",1.0],["Behavioral:_Motivational_Interviewing;Other:_Questionnaire_assessment;Other:_Neurocognitive_assessments;Other:_Blood_specimens",3.0],["Behavioral:_Motivational_Interviewing_Intervention",1.0],["Behavioral:_Motivational_Interviewing_Simulator_(SIM);Behavioral:_Motivational_Interviewing_eBook_(eBook);Behavioral:_Motivational_Interviewing_Training_(MI_Training)",3.0],["Behavioral:_Motivational_interviewing",5.0],["Behavioral:_Motivational_interviewing;Behavioral:_Educational_intervention",2.0],["Behavioral:_Motivational_interviewing_case_management;Behavioral:_Resource_referrals",1.0],["Behavioral:_Motivational_interviewing_with_cognitive_behavioral_therapy;Behavioral:_Modified_directly_observed_therapy",2.0],["Behavioral:_Movn_Mobile_App",4.0],["Behavioral:_Multi-Component_Technology_Based_Intervention",1.0],["Behavioral:_Multifaceted_Prompting_Intervention_MPI",1.0],["Behavioral:_Multimedia_Connect;Behavioral:_Traditional_Connect",1.0],["Behavioral:_Multimedia_WORTH;Behavioral:_Traditional_WORTH;Behavioral:_Wellness_Promotion",2.0],["Behavioral:_Multisystemic_Therapy;Behavioral:_Home-based,_Non-Directive_Family_Support",1.0],["Behavioral:_Music_Relaxation_Therapy_(MRT);Behavioral:_CBT_and_HRVB",2.0],["Behavioral:_MyPEEPS_Mobile",1.0],["Behavioral:_Narrative_Exposure_Therapy_(NET);Behavioral:_Motivational_Interviewing_w-Skills_Training_(MIST)",1.0],["Behavioral:_Navigation;Behavioral:_Standard_of_Care",2.0],["Behavioral:_Nebulizer_Education_Intervention;Behavioral:_Standard_Asthma_Education_Groups",1.0],["Behavioral:_Network_leader_training;Behavioral:_Standard_HIV_risk-reduction_counseling",1.0],["Behavioral:_Neurofeedback_Training;Behavioral:_Questionnaires;Procedure:_Electroencephalogram",1.0],["Behavioral:_Non-local-distant_healing_or_prayer",2.0],["Behavioral:_Normative_Feedback;Behavioral:_Inhibitory_Control_Training;Behavioral:_Working_Memory_Training",1.0],["Behavioral:_Nurse_Home_Visitation",4.0],["Behavioral:_Nurse_asthma_education_intervention;Behavioral:_Control_Group",1.0],["Behavioral:_Nutrition_Program_(NP);Behavioral:_Womens_Prison_CoOp_(WPC)",4.0],["Behavioral:_Nutrition_and_Play_Intervention;Behavioral:_Family_Nurture_Intervention",4.0],["Behavioral:_Observation;Behavioral:_Educational_Intervention_and_Behavioral_Skills_Training",3.0],["Behavioral:_On-site_bundled_rapid_HIV-HCV_testing;Behavioral:_Standard_of_care_(SOC)",1.0],["Behavioral:_Online_Counseling_Sessions;Behavioral:_Questionnaires;Behavioral:_Behavioral_Counseling_Sessions;Behavioral:_Interview",1.0],["Behavioral:_Opt-in_or_Opt-out_testing;Behavioral:_Focus_Group",5.0],["Behavioral:_Organizational_Skills_Training_-_School_Based_(OST-S)",4.0],["Behavioral:_PAACC;Behavioral:_REACH-VA",1.0],["Behavioral:_PACT;Behavioral:_TAU",3.0],["Behavioral:_PAM;Behavioral:_PAM-Enhanced-Asthma_Counseling_Phone_Calls;Behavioral:_Follow-Up_Phone_Calls_-_Child_Wellness_Topic",2.0],["Behavioral:_PARTNER;Behavioral:_Education_Intervention",5.0],["Behavioral:_PATH",3.0],["Behavioral:_PCC;Drug:_Emtricitabine-tenofovir_(FTC-TDF_(TruvadaÃƒÆ’Ã†â€™Ãƒâ€ Ã¢â‚¬â„¢ÃƒÆ’Ã¢â‚¬Â ÃƒÂ¢Ã¢â€šÂ¬Ã¢â€žÂ¢ÃƒÆ’Ã†â€™ÃƒÂ¢Ã¢â€šÂ¬Ã‚Â ÃƒÆ’Ã‚Â¢ÃƒÂ¢Ã¢â‚¬Å¡Ã‚Â¬ÃƒÂ¢Ã¢â‚¬Å¾Ã‚Â¢ÃƒÆ’Ã†â€™Ãƒâ€ Ã¢â‚¬â„¢ÃƒÆ’Ã‚Â¢ÃƒÂ¢Ã¢â‚¬Å¡Ã‚Â¬Ãƒâ€šÃ‚Â ÃƒÆ’Ã†â€™Ãƒâ€šÃ‚Â¢ÃƒÆ’Ã‚Â¢ÃƒÂ¢Ã¢â€šÂ¬Ã…Â¡Ãƒâ€šÃ‚Â¬ÃƒÆ’Ã‚Â¢ÃƒÂ¢Ã¢â€šÂ¬Ã…Â¾Ãƒâ€šÃ‚Â¢ÃƒÆ’Ã†â€™Ãƒâ€ Ã¢â‚¬â„¢ÃƒÆ’Ã¢â‚¬Â ÃƒÂ¢Ã¢â€šÂ¬Ã¢â€žÂ¢ÃƒÆ’Ã†â€™ÃƒÂ¢Ã¢â€šÂ¬Ã…Â¡ÃƒÆ’Ã¢â‚¬Å¡Ãƒâ€šÃ‚Â¢ÃƒÆ’Ã†â€™Ãƒâ€ Ã¢â‚¬â„¢ÃƒÆ’Ã¢â‚¬Å¡Ãƒâ€šÃ‚Â¢ÃƒÆ’Ã†â€™Ãƒâ€šÃ‚Â¢ÃƒÆ’Ã‚Â¢ÃƒÂ¢Ã¢â€šÂ¬Ã…Â¡Ãƒâ€šÃ‚Â¬ÃƒÆ’Ã¢â‚¬Â¦Ãƒâ€šÃ‚Â¡ÃƒÆ’Ã†â€™ÃƒÂ¢Ã¢â€šÂ¬Ã…Â¡ÃƒÆ’Ã¢â‚¬Å¡Ãƒâ€šÃ‚Â¬ÃƒÆ’Ã†â€™Ãƒâ€ Ã¢â‚¬â„¢ÃƒÆ’Ã‚Â¢ÃƒÂ¢Ã¢â‚¬Å¡Ã‚Â¬Ãƒâ€šÃ‚Â¦ÃƒÆ’Ã†â€™ÃƒÂ¢Ã¢â€šÂ¬Ã…Â¡ÃƒÆ’Ã¢â‚¬Å¡Ãƒâ€šÃ‚Â¡ÃƒÆ’Ã†â€™Ãƒâ€ Ã¢â‚¬â„¢ÃƒÆ’Ã¢â‚¬Â ÃƒÂ¢Ã¢â€šÂ¬Ã¢â€žÂ¢ÃƒÆ’Ã†â€™ÃƒÂ¢Ã¢â€šÂ¬Ã‚Â ÃƒÆ’Ã‚Â¢ÃƒÂ¢Ã¢â‚¬Å¡Ã‚Â¬ÃƒÂ¢Ã¢â‚¬Å¾Ã‚Â¢ÃƒÆ’Ã†â€™Ãƒâ€ Ã¢â‚¬â„¢...",1.0],["Behavioral:_PEF_Feedback;Behavioral:_Control_Feedback",1.0],["Behavioral:_PHAT_Life_Intervention;Behavioral:_Health_Promotion_Control",1.0],["Behavioral:_PLUS_intervention;Behavioral:_Enhanced_treatment_as_usual_(eTAU)_wait-list_condition",3.0],["Behavioral:_PN+LCNC;Behavioral:_PN_Only",3.0],["Behavioral:_PRO-SELF_PLUS_Pain_Management_Program",2.0],["Behavioral:_Paced_breathing_(15_min_once_daily,_6_breaths-min);Behavioral:_Paced_breathing_(15_min_twice_daily,_6_breaths-min);Behavioral:_Paced_breathing_(10_min_once_daily,_14_breaths-min)",4.0],["Behavioral:_Paced_respiration;Behavioral:_Sham_comparator:_fast_shallow_breathing",1.0],["Behavioral:_Pain_Self-Management_Intervention_#1;Behavioral:_Pain_Self-Management_Intervention_#2;Behavioral:_Pain_Self-Management_Intervention_#3;Behavioral:_Pain_Self-Management_Intervention_#4",6.0],["Behavioral:_Palliative_Care_Intervention",1.0],["Behavioral:_Parent-to-parent_mentoring",1.0],["Behavioral:_Partnered_intervention",2.0],["Behavioral:_Patient-administered_screening_tool;Behavioral:_Patient_health_navigator-administered_screening_tool;Behavioral:_Patient_health_navigator-assisted_linkage_to_treatment",1.0],["Behavioral:_Patient_Assistance;Behavioral:_Information_only",1.0],["Behavioral:_Patient_Mentor_Intervention;Behavioral:_HIV_transmission_risk_reduction",1.0],["Behavioral:_Patient_Navigation_(PN)_Group;Behavioral:_Patient_Navigator_Plus_Contingency_Management_(PN+CM)_Group",4.0],["Behavioral:_Patient_Navigation_(PN)_Intervention;Behavioral:_Financial_Incentives_(FI)_Intervention",2.0],["Behavioral:_Patient_activation;Behavioral:_Primary_care_physician_activation;Behavioral:_Control",12.0],["Behavioral:_Peer-oriented_intervention;Behavioral:_Group_cognitive_behavioral_therapy_(CBT)",2.0],["Behavioral:_Peer_HIV_Education_Program",1.0],["Behavioral:_Peer_Mentoring_Intervention_for_HCV-Infected_IDUs",2.0],["Behavioral:_Peer_Navigation_Arm",2.0],["Behavioral:_Peer_Unity",2.0],["Behavioral:_Peer_mentoring_program",3.0],["Behavioral:_Phenomenological_Interviews;Behavioral:_Quantitative_Interviews",1.0],["Behavioral:_Physical_Activity_Group;Other:_Standard_Care_Group",3.0],["Behavioral:_Physical_activity",1.0],["Behavioral:_Physical_activity_intervention",2.0],["Behavioral:_Pos4Health;Behavioral:_Patient_Education",1.0],["Behavioral:_Positive_Affect_Treatment;Behavioral:_Negative_Affect_Treatment",3.0],["Behavioral:_Positive_Choices;Behavioral:_Personalized_Cognitive_Counseling",2.0],["Behavioral:_PrEP_Decision_Aid",1.0],["Behavioral:_Pre-Release_(Group_1);Behavioral:_Post-release_(Group_2)",1.0],["Behavioral:_Pre-_and_post-test_counseling",1.0],["Behavioral:_Prep-C;Behavioral:_Educational_Control",3.0],["Behavioral:_Prevention_&_Testing;Behavioral:_Prevention_&_Testing_Control",1.0],["Behavioral:_Prevention_Care_Advocate",3.0],["Behavioral:_Prevention_Care_Management",3.0],["Behavioral:_Prevention_Empowerment_Intervention_for_Young_Women",2.0],["Behavioral:_Prevention_program",4.0],["Behavioral:_Printed_materials;Behavioral:_Peer_advocates",1.0],["Behavioral:_Problem_Solving;Behavioral:_Attention_Control",2.0],["Behavioral:_Problem_solving_counseling",1.0],["Behavioral:_Progressive_resistance_and_aerobic_training",1.0],["Behavioral:_Project_ACCEPT;Behavioral:_HEALTH",1.0],["Behavioral:_Project_ADHERE;Behavioral:_MACE",1.0],["Behavioral:_Project_ASPIRE_Home-Based_Family_Intervention;Behavioral:_Project_ASPIRE_Enhanced_Treatment_As_Usual",1.0],["Behavioral:_Project_Bridge",1.0],["Behavioral:_Project_Connect_Online;Behavioral:_PCO_PLUS",1.0],["Behavioral:_Project_Enhance;Behavioral:_Standard_prevention_case_management_(PCM)",1.0],["Behavioral:_Prolonged_Exposure_Therapy",2.0],["Behavioral:_Promotion_of_adherence_to_ARV_medications",1.0],["Behavioral:_Psycho-educational_content_(5_Minutes);Behavioral:_Readiness_Assessment_(10_minutes);Behavioral:_Goal-Setting_(5_minutes);Behavioral:_Identifying_and_prioritizing_needs_(5_minutes);Behavioral:_Explanation_of_Peer_Navigator_and_Session_wrap_(5_minutes)",5.0],["Behavioral:_Psychosocial_Intervention",1.0],["Behavioral:_Quality_of_Life_Survey;Behavioral:_Health_Management_Surveys;Other:_Monitoring_Devices;Behavioral:_Symptoms_Surveys;Behavioral:_Device_Usability_Survey",1.0],["Behavioral:_Quantitative_Interview;Behavioral:_Ethnographic_Interview;Behavioral:_Gender_Interview",1.0],["Behavioral:_Questionnaire",7.0],["Behavioral:_Questionnaire;Procedure:_Blood_Draw",2.0],["Behavioral:_Questionnaire;Procedure:_Rapid_finger_stick;Procedure:_Venipuncture",2.0],["Behavioral:_Questionnaires;Other:_Decision_Aid_Website;Other:_Educational_Materials",4.0],["Behavioral:_Questionnaires;Procedure:_Acupuncture;Procedure:_Electroencephalogram_(EEG)",1.0],["Behavioral:_RESPECT-2_Counseling",2.0],["Behavioral:_Reach_for_Control;Behavioral:_MATCH",1.0],["Behavioral:_Reality_Check;Behavioral:_Physical_Activity_Attention_Control",2.0],["Behavioral:_Referral_of_Partners;Behavioral:_Screening_for_STIs_and_counseling;Behavioral:_Peer_health_care_system_navigators;Behavioral:_Enhanced_counseling",1.0],["Behavioral:_Relationship_Strengthening_HIV_Prevention_Intervention;Behavioral:_Parenting_Program_Intervention",1.0],["Behavioral:_Relaxation_Acupressure;Behavioral:_Stimulating_Acupressure",3.0],["Behavioral:_Reminder_Letter;Behavioral:_Reminder_Call;Behavioral:_Counselor_Call",1.0],["Behavioral:_Remote_monitoring;Behavioral:_Remote_monitoring_plus_goal_setting_and_social_support",1.0],["Behavioral:_Resting_vitals;Behavioral:_Body_Composition;Behavioral:_Timed_Get-up_and_Go_test_(TGUG).;Behavioral:_Cardiorespiratory_assessment;Behavioral:_Handgrip_evaluation;Behavioral:_Dynamic_muscular_endurance",5.0],["Behavioral:_Retention_Clinic",3.0],["Behavioral:_Risk_Reduction",4.0],["Behavioral:_Risk_Reduction_Group",2.0],["Behavioral:_SEXUAL_RISK_REDUCTION_+_ALCOHOL_RISK_REDUCTION;Behavioral:_INFORMATION-ONLY_SEXUAL_RISK_REDUCTION",5.0],["Behavioral:_SHUTi;Behavioral:_Emmi",2.0],["Behavioral:_SMS_Text_Message_Reminder",2.0],["Behavioral:_SMS_medication_adherence;Behavioral:_No_SMS_adherence_reminder",2.0],["Behavioral:_SNAP;Behavioral:_SNAP_Control",1.0],["Behavioral:_STAND_HIV_Risk_Reduction_Intervention;Behavioral:_Text_Messaging_Intervention",2.0],["Behavioral:_Safer_Sex;Behavioral:_Growth_Mindsets",2.0],["Behavioral:_Safer_Sex_Skills_Building_(SSB)",2.0],["Behavioral:_School-Based_Asthma_Care_for_Teens_(SB-ACT);Behavioral:_Directly_Observed_Therapy;Behavioral:_Asthma_Education",1.0],["Behavioral:_School-Based_Supervised_Asthma_Therapy",1.0],["Behavioral:_School-based_Care",1.0],["Behavioral:_School;Behavioral:_Asthma_education;Behavioral:_Home_environmental_remediation;Behavioral:_Informational_mail",1.0],["Behavioral:_School_Support_Intervention",1.0],["Behavioral:_Science_+_Phonological_Awareness;Behavioral:_Science_+_Grammar_Intervention;Behavioral:_Science_+_Vocabulary_Intervention",1.0],["Behavioral:_Seek_and_Test_Phase;Behavioral:_Treat_and_Retain_Phase",1.0],["Behavioral:_Self-Management_Training;Behavioral:_Motivational_Interviewing_(MI)",1.0],["Behavioral:_Self-acceptance_based_intervention;Behavioral:_HIV-STI_counseling_and_testing",3.0],["Behavioral:_Self-regulation_intervention;Behavioral:_Telephone_follow-up",2.0],["Behavioral:_Self_Affirmation",1.0],["Behavioral:_Semantic_cues_(perform_action),_syntactic_cues_(sentence_frame),_or_combined_semantic_and_syntactic_cues",3.0],["Behavioral:_Serosorting_Intervention",1.0],["Behavioral:_Sex_Pro_mobile_Application",2.0],["Behavioral:_Sexual_Health_Counseling;Behavioral:_Enhanced_Adherence_Intervention;Behavioral:_PrEP_Information_(Active_Control);Behavioral:_Standard_of_Care_Adherence_Support_(Active_Control)",1.0],["Behavioral:_Sisters-GPS:_Group_Clinical_Visits;Behavioral:_Control:_One-on-one_Adherence_Counseling",3.0],["Behavioral:_Skill-Building_(SB)_plus_Motivational_Interviewing;Behavioral:_Skill-Building_(SB)",1.0],["Behavioral:_Skills_Building_with_Motivational_Interviewing;Behavioral:_Skills_Building",1.0],["Behavioral:_Sleep_Extension",1.0],["Behavioral:_Smartbrain",1.0],["Behavioral:_Smoking_Prevention_Usual_Care;Behavioral:_Counseling_Intervention",11.0],["Behavioral:_Soccer_League_(SL);Behavioral:_Soccer_League-Vocational_Training_(SL-V)",6.0],["Behavioral:_Social_Support",2.0],["Behavioral:_Social_support_intervention",2.0],["Behavioral:_Socially_Optimized_Learning_in_a_Virtual_Environment_(SOLVE)-IT",1.0],["Behavioral:_Standard_Care;Behavioral:_Text_Messaging_CBT_(TXT-CBT)",2.0],["Behavioral:_Standard_Care_Intervention_(SCI);Behavioral:_Culturally_Tailored_Intervention_(CTI)",2.0],["Behavioral:_Standard_Referral;Behavioral:_Project_Bridge",1.0],["Behavioral:_Standard_of_Care;Behavioral:_FemAALES",1.0],["Behavioral:_Standardized_Asthma_Education_Program",2.0],["Behavioral:_Standardized_Materials_Group;Behavioral:_Independent_Tailored_Intervention;Behavioral:_Partner-Assisted_Tailored_Intervention",1.0],["Behavioral:_SteadyRx",2.0],["Behavioral:_Stick_To_It;Behavioral:_Standard_medication_adherence_counseling;Behavioral:_Health_Counseling",1.0],["Behavioral:_Stigma_and_Structural_Interventions;Behavioral:_Health_Information_Seeking",1.0],["Behavioral:_Strength_Based_Case_Management",1.0],["Behavioral:_Strength_training",1.0],["Behavioral:_Strengths-based_case_management;Behavioral:_Case_management_plus_facilitated_treatment_alliance",1.0],["Behavioral:_Structured_Ecosystems_Therapy_(SET);Behavioral:_Individually_tailored_intervention",2.0],["Behavioral:_Structured_treatment_interruption",1.0],["Behavioral:_Substance_Use_Brief_Intervention;Behavioral:_Standard_of_Care_(SOC)",2.0],["Behavioral:_Supportive_Expressive_Group_Psychotherapy;Behavioral:_Education",4.0],["Behavioral:_Survey",3.0],["Behavioral:_Suubi+Adherence;Behavioral:_Bolstered_Standard_of_Care",1.0],["Behavioral:_Symptom-based_adjustment;Behavioral:_Biomarker-based_adjustment;Behavioral:_Guideline-based_adjustment",1.0],["Behavioral:_TERA_Intervention;Behavioral:_Standard_of_Care",1.0],["Behavioral:_Tai_Chi_Chih;Behavioral:_Cognitive_Behavioral_Therapy",5.0],["Behavioral:_Tailored,_interactive_intervention_for_mammography_screening",1.0],["Behavioral:_Tailored_Cue_Cards",2.0],["Behavioral:_Tailored_Problem_Solving_Intervention;Behavioral:_Family_Education_Intervention",1.0],["Behavioral:_Tailored_Socio-Contextual_Intervention;Behavioral:_Standard_of_Care",2.0],["Behavioral:_Tailored_Web-based_Asthma_Management;Behavioral:_Generic_web-based_asthma_education",1.0],["Behavioral:_Targeting_the_Teachable_Moment;Behavioral:_Standardized_Lifestyle_Management",1.0],["Behavioral:_Teaching,_Raising,_and_Communicating_with_Kids_(TRACK);Other:_Treatment_as_usual",1.0],["Behavioral:_Teens_randomized_to_the_experimental_arm_will_receive_4_sessions_plus_a_booster_of_web-based,_tailored_asthma_management.;Behavioral:_Teens_in_the_control_group_will_receive_generic,_web-based_asthma_education.",1.0],["Behavioral:_TeleCARE;Behavioral:_Pamphlet_intervention",1.0],["Behavioral:_Telephone-Delivered_Intervention_1;Behavioral:_Telephone-Delivered_Intervention_2",4.0],["Behavioral:_Telephone-administered_coping_improvement_therapy;Behavioral:_Telephone-administered_supportive-expressive_therapy;Behavioral:_Individual_therapy",2.0],["Behavioral:_Telephone-based_CBT;Behavioral:_Enhanced_Usual_Care",2.0],["Behavioral:_Telephone_Genetic_Counseling;Behavioral:_In-Person_Genetic_Counseling",3.0],["Behavioral:_Telephone_Genetic_Counseling;Behavioral:_Usual_Care",1.0]],"headers":["Interventions","CountofInterventions"],"rawHeaders":["INTERVENTIONS","CountofInterventions"]},"format":{"type":"TABLE"},"headerInfo":[{"alias":"Interventions","header":"Interventions","type":"STRING","derived":false},{"alias":"CountofInterventions","header":"CountofInterventions","calculatedBy":"Interventions","math":"Count","groupBy":["Interventions"],"type":"NUMBER","derived":true}],"sortInfo":[],"numCollected":500,"taskOptions":{"0":{"layout":"Pie","alignment":{"heat":[],"tooltip":[],"label":["Interventions"],"value":["CountofInterventions"],"facet":[]}}},"filterInfo":[],"taskId":"task1"},"operationType":["TASK_DATA"]}]}