{"engineId":"98e8057b-f05d-44db-9d29-39b50d3cf75f","engineName":"ClinicalTrials","rdbmsId":"ad4c062a-120c-4094-95ed-b8e0bbdc868f","varstore":{},"frames":[{"file":"@BaseFolder@/db/@ENGINE@/version/ad4c062a-120c-4094-95ed-b8e0bbdc868f/FRAME622207.gz","meta":"@BaseFolder@/db/@ENGINE@/version/ad4c062a-120c-4094-95ed-b8e0bbdc868f/METADATA__FRAME622207.owl","state":null,"type":"prerna.ds.h2.H2Frame","name":"FRAME622207","keys":["FRAME622207","$CUR_FRAME_KEY"]}],"panels":[{"panelId":"0","panelLabel":null,"view":"visualization","viewOptions":"{\"type\":\"echarts\"}","viewOptionsMap":{"federate-view":{"app_id":"98e8057b-f05d-44db-9d29-39b50d3cf75f"},"visualization":{"type":"echarts"}},"config":{},"ornaments":{},"events":{"onSingleClick":{"Unfilter":[{"disabledVisuals":["Grid","Sunburst"],"default":true,"query":"UnfilterFrame(<SelectedColumn>);","options":{},"refresh":false,"disabled":false,"panel":""}]},"onBrush":{"Filter":[{"default":true,"query":"if(IsEmpty(<SelectedValues>), UnfilterFrame(<SelectedColumn>), SetFrameFilter(<SelectedColumn>==<SelectedValues>));","options":{},"refresh":false,"disabled":false,"panel":""}]}},"comments":{},"position":{},"filters":[],"order":[],"cbv":[]}],"tasks":{"tasks":[{"type":"basic","task":{"taskType":"basic","id":"task1","numCollected":500,"internalOffset":0,"taskOptions":"{\"options\":{\"0\":{\"layout\":\"Grid\",\"alignment\":{\"label\":[\"Disease\",\"Interventions\",\"Location_1\",\"Recruitment\",\"Study_Results\",\"Title\"]}}},\"ornament\":false}","qs":{"qsType":"FRAME","frameName":"FRAME622207","isDistinct":true,"overrideImplicit":false,"limit":500,"offset":0,"relations":"[]","selectors":[{"type":"COLUMN","content":{"table":"FRAME622207","column":"Disease","alias":"Disease","tableAlias":null}},{"type":"COLUMN","content":{"table":"FRAME622207","column":"Interventions","alias":"Interventions","tableAlias":null}},{"type":"COLUMN","content":{"table":"FRAME622207","column":"Location_1","alias":"Location_1","tableAlias":null}},{"type":"COLUMN","content":{"table":"FRAME622207","column":"Recruitment","alias":"Recruitment","tableAlias":null}},{"type":"COLUMN","content":{"table":"FRAME622207","column":"Study_Results","alias":"Study_Results","tableAlias":null}},{"type":"COLUMN","content":{"table":"FRAME622207","column":"Title","alias":"Title","tableAlias":null}}]}}},{"type":"basic","task":{"taskType":"basic","id":"task3","numCollected":500,"internalOffset":0,"taskOptions":"{\"options\":{\"0\":{\"layout\":\"Grid\",\"alignment\":{\"label\":[\"Disease\",\"Interventions\",\"Location_1\",\"Recruitment\",\"Study_Results\",\"Title\"]}}},\"ornament\":false}","qs":{"qsType":"FRAME","frameName":"FRAME622207","isDistinct":true,"overrideImplicit":false,"limit":500,"offset":0,"relations":"[]","selectors":[{"type":"COLUMN","content":{"table":"Disease","column":"PRIM_KEY_PLACEHOLDER","alias":"Disease","tableAlias":null}},{"type":"COLUMN","content":{"table":"Interventions","column":"PRIM_KEY_PLACEHOLDER","alias":"Interventions","tableAlias":null}},{"type":"COLUMN","content":{"table":"Location_1","column":"PRIM_KEY_PLACEHOLDER","alias":"Location_1","tableAlias":null}},{"type":"COLUMN","content":{"table":"Recruitment","column":"PRIM_KEY_PLACEHOLDER","alias":"Recruitment","tableAlias":null}},{"type":"COLUMN","content":{"table":"Study_Results","column":"PRIM_KEY_PLACEHOLDER","alias":"Study_Results","tableAlias":null}},{"type":"COLUMN","content":{"table":"Title","column":"PRIM_KEY_PLACEHOLDER","alias":"Title","tableAlias":null}}]}}},{"type":"basic","task":{"taskType":"basic","id":"task5","numCollected":500,"internalOffset":0,"taskOptions":"{\"options\":{\"0\":{\"layout\":\"Grid\",\"alignment\":{\"label\":[\"Interventions\",\"Location_1\",\"Recruitment\",\"Study_Results\",\"Title\"]}}},\"ornament\":false}","qs":{"qsType":"FRAME","frameName":"FRAME622207","isDistinct":true,"overrideImplicit":false,"limit":500,"offset":0,"relations":"[]","selectors":[{"type":"COLUMN","content":{"table":"Interventions","column":"PRIM_KEY_PLACEHOLDER","alias":"Interventions","tableAlias":null}},{"type":"COLUMN","content":{"table":"Location_1","column":"PRIM_KEY_PLACEHOLDER","alias":"Location_1","tableAlias":null}},{"type":"COLUMN","content":{"table":"Recruitment","column":"PRIM_KEY_PLACEHOLDER","alias":"Recruitment","tableAlias":null}},{"type":"COLUMN","content":{"table":"Study_Results","column":"PRIM_KEY_PLACEHOLDER","alias":"Study_Results","tableAlias":null}},{"type":"COLUMN","content":{"table":"Title","column":"PRIM_KEY_PLACEHOLDER","alias":"Title","tableAlias":null}}]}}},{"type":"basic","task":{"taskType":"basic","id":"task7","numCollected":500,"internalOffset":0,"taskOptions":"{\"options\":{\"0\":{\"layout\":\"Map\",\"alignment\":{\"size\":[\"CountofStudy_Results\"],\"color\":[\"Title\"],\"latitude\":[\"Location_1\"],\"tooltip\":[],\"label\":[\"Interventions\"],\"facet\":[],\"longitude\":[\"Recruitment\"]}}},\"ornament\":false}","qs":{"qsType":"FRAME","frameName":"FRAME622207","isDistinct":true,"overrideImplicit":false,"limit":500,"offset":0,"relations":"[]","groups":["{\"column\":\"PRIM_KEY_PLACEHOLDER\",\"table\":\"Interventions\",\"alias\":\"\"}","{\"column\":\"PRIM_KEY_PLACEHOLDER\",\"table\":\"Location_1\",\"alias\":\"\"}","{\"column\":\"PRIM_KEY_PLACEHOLDER\",\"table\":\"Recruitment\",\"alias\":\"\"}","{\"column\":\"PRIM_KEY_PLACEHOLDER\",\"table\":\"Title\",\"alias\":\"\"}"],"selectors":[{"type":"COLUMN","content":{"table":"Interventions","column":"PRIM_KEY_PLACEHOLDER","alias":"Interventions","tableAlias":null}},{"type":"COLUMN","content":{"table":"Location_1","column":"PRIM_KEY_PLACEHOLDER","alias":"Location_1","tableAlias":null}},{"type":"COLUMN","content":{"table":"Recruitment","column":"PRIM_KEY_PLACEHOLDER","alias":"Recruitment","tableAlias":null}},{"type":"FUNCTION","content":{"alias":"CountofStudy_Results","function":"count","distinct":false,"colCast":"","innerSelectors":[{"type":"COLUMN","content":{"table":"Study_Results","column":"PRIM_KEY_PLACEHOLDER","alias":"Study_Results","tableAlias":null}}]}},{"type":"COLUMN","content":{"table":"Title","column":"PRIM_KEY_PLACEHOLDER","alias":"Title","tableAlias":null}}]}}},{"type":"basic","task":{"taskType":"basic","id":"task9","numCollected":500,"internalOffset":0,"taskOptions":"{\"options\":{\"0\":{\"layout\":\"Choropleth\",\"alignment\":{\"label\":[\"Interventions\"],\"value\":[\"CountofLocation_1\"],\"facet\":[]}}},\"ornament\":false}","qs":{"qsType":"FRAME","frameName":"FRAME622207","isDistinct":true,"overrideImplicit":false,"limit":500,"offset":0,"relations":"[]","groups":["{\"column\":\"PRIM_KEY_PLACEHOLDER\",\"table\":\"Interventions\",\"alias\":\"\"}"],"selectors":[{"type":"COLUMN","content":{"table":"Interventions","column":"PRIM_KEY_PLACEHOLDER","alias":"Interventions","tableAlias":null}},{"type":"FUNCTION","content":{"alias":"CountofLocation_1","function":"count","distinct":false,"colCast":"","innerSelectors":[{"type":"COLUMN","content":{"table":"Location_1","column":"PRIM_KEY_PLACEHOLDER","alias":"Location_1","tableAlias":null}}]}}]}}},{"type":"basic","task":{"taskType":"basic","id":"task11","numCollected":500,"internalOffset":0,"taskOptions":"{\"options\":{\"0\":{\"layout\":\"Choropleth\",\"alignment\":{\"label\":[\"Location_1\"],\"value\":[\"CountofLocation_1\"],\"facet\":[]}}},\"ornament\":false}","qs":{"qsType":"FRAME","frameName":"FRAME622207","isDistinct":true,"overrideImplicit":false,"limit":500,"offset":0,"relations":"[]","groups":["{\"column\":\"PRIM_KEY_PLACEHOLDER\",\"table\":\"Location_1\",\"alias\":\"\"}"],"selectors":[{"type":"COLUMN","content":{"table":"Location_1","column":"PRIM_KEY_PLACEHOLDER","alias":"Location_1","tableAlias":null}},{"type":"FUNCTION","content":{"alias":"CountofLocation_1","function":"count","distinct":false,"colCast":"","innerSelectors":[{"type":"COLUMN","content":{"table":"Location_1","column":"PRIM_KEY_PLACEHOLDER","alias":"Location_1","tableAlias":null}}]}}]}}},{"type":"basic","task":{"taskType":"basic","id":"task13","numCollected":500,"internalOffset":0,"taskOptions":"{\"options\":{\"0\":{\"layout\":\"Choropleth\",\"alignment\":{\"label\":[\"Location_1\"],\"value\":[\"CountofDisease\"],\"facet\":[]}}},\"ornament\":false}","qs":{"qsType":"FRAME","frameName":"FRAME622207","isDistinct":true,"overrideImplicit":false,"limit":500,"offset":0,"relations":"[]","groups":["{\"column\":\"PRIM_KEY_PLACEHOLDER\",\"table\":\"Location_1\",\"alias\":\"\"}"],"selectors":[{"type":"COLUMN","content":{"table":"Location_1","column":"PRIM_KEY_PLACEHOLDER","alias":"Location_1","tableAlias":null}},{"type":"FUNCTION","content":{"alias":"CountofDisease","function":"count","distinct":false,"colCast":"","innerSelectors":[{"type":"COLUMN","content":{"table":"Disease","column":"PRIM_KEY_PLACEHOLDER","alias":"Disease","tableAlias":null}}]}}]}}},{"type":"basic","task":{"taskType":"basic","id":"task15","numCollected":500,"internalOffset":0,"taskOptions":"{\"options\":{\"0\":{\"layout\":\"Choropleth\",\"alignment\":{\"label\":[\"Location_1\"],\"value\":[\"CountofLocation_1\"],\"facet\":[]}}},\"ornament\":false}","qs":{"qsType":"FRAME","frameName":"FRAME622207","isDistinct":true,"overrideImplicit":false,"limit":500,"offset":0,"relations":"[]","groups":["{\"column\":\"PRIM_KEY_PLACEHOLDER\",\"table\":\"Location_1\",\"alias\":\"\"}"],"selectors":[{"type":"COLUMN","content":{"table":"Location_1","column":"PRIM_KEY_PLACEHOLDER","alias":"Location_1","tableAlias":null}},{"type":"FUNCTION","content":{"alias":"CountofLocation_1","function":"count","distinct":false,"colCast":"","innerSelectors":[{"type":"COLUMN","content":{"table":"Location_1","column":"PRIM_KEY_PLACEHOLDER","alias":"Location_1","tableAlias":null}}]}}]}}},{"type":"basic","task":{"taskType":"basic","id":"task17","numCollected":500,"internalOffset":0,"taskOptions":"{\"options\":{\"0\":{\"layout\":\"Choropleth\",\"alignment\":{\"label\":[\"Location_1\"],\"value\":[\"CountofDisease\"],\"facet\":[]}}},\"ornament\":false}","qs":{"qsType":"FRAME","frameName":"FRAME622207","isDistinct":true,"overrideImplicit":false,"limit":500,"offset":0,"relations":"[]","groups":["{\"column\":\"PRIM_KEY_PLACEHOLDER\",\"table\":\"Location_1\",\"alias\":\"\"}"],"selectors":[{"type":"COLUMN","content":{"table":"Location_1","column":"PRIM_KEY_PLACEHOLDER","alias":"Location_1","tableAlias":null}},{"type":"FUNCTION","content":{"alias":"CountofDisease","function":"count","distinct":false,"colCast":"","innerSelectors":[{"type":"COLUMN","content":{"table":"Disease","column":"PRIM_KEY_PLACEHOLDER","alias":"Disease","tableAlias":null}}]}}]}}}],"taskCounter":18},"recipe":["AddPanel ( 0 ) ;","Panel ( 0 ) | AddPanelEvents ( { \"onSingleClick\" : { \"Unfilter\" : [ { \"panel\" : \"\" , \"query\" : \"<encode>UnfilterFrame(<SelectedColumn>);</encode>\" , \"options\" : { } , \"refresh\" : false , \"default\" : true , \"disabledVisuals\" : [ \"Grid\" , \"Sunburst\" ] , \"disabled\" : false } ] } , \"onBrush\" : { \"Filter\" : [ { \"panel\" : \"\" , \"query\" : \"<encode>if(IsEmpty(<SelectedValues>), UnfilterFrame(<SelectedColumn>), SetFrameFilter(<SelectedColumn>==<SelectedValues>));</encode>\" , \"options\" : { } , \"refresh\" : false , \"default\" : true , \"disabled\" : false } ] } } ) ;","Panel ( 0 ) | RetrievePanelEvents ( ) ;","Panel ( 0 ) | SetPanelView ( \"visualization\" , \"<encode>{\"type\":\"echarts\"}</encode>\" ) ;","Panel ( 0 ) | SetPanelView ( \"federate-view\" , \"<encode>{\"app_id\":\"98e8057b-f05d-44db-9d29-39b50d3cf75f\"}</encode>\" ) ;","CreateFrame ( frameType = [ GRID ] ) .as ( [ 'FRAME622207' ] ) ;","Database ( database = [ \"98e8057b-f05d-44db-9d29-39b50d3cf75f\" ] ) | Select ( Interventions , Recruitment , Title , Study_Results , Location_1 , Disease ) .as ( [ Interventions , Recruitment , Title , Study_Results , Location_1 , Disease ] ) | Join ( ( Title , inner.join , Disease ) , ( Title , inner.join , Location_1 ) , ( Title , inner.join , Interventions ) , ( Title , inner.join , Recruitment ) , ( Title , inner.join , Study_Results ) ) | Import ( ) ;","Panel ( 0 ) | SetPanelView ( \"visualization\" ) ;","Frame ( ) | QueryAll ( ) | AutoTaskOptions ( panel = [ \"0\" ] , layout = [ \"Grid\" ] ) | Collect ( 500 ) ;","Select ( Disease , Interventions , Location_1 , Recruitment , Study_Results , Title ) .as ( [ Disease , Interventions , Location_1 , Recruitment , Study_Results , Title ] ) | With ( Panel ( 0 ) ) | Format ( type = [ 'table' ] ) | TaskOptions ( { \"0\" : { \"layout\" : \"Grid\" , \"alignment\" : { \"label\" : [ \"Disease\" , \"Interventions\" , \"Location_1\" , \"Recruitment\" , \"Study_Results\" , \"Title\" ] } } } ) | Collect ( 500 ) ;","Select ( Interventions , Location_1 , Recruitment , Study_Results , Title ) .as ( [ Interventions , Location_1 , Recruitment , Study_Results , Title ] ) | With ( Panel ( 0 ) ) | Format ( type = [ 'table' ] ) | TaskOptions ( { \"0\" : { \"layout\" : \"Grid\" , \"alignment\" : { \"label\" : [ \"Interventions\" , \"Location_1\" , \"Recruitment\" , \"Study_Results\" , \"Title\" ] } } } ) | Collect ( 500 ) ;","Panel ( 0 ) | SetPanelView ( \"visualization\" , \"<encode>{\"type\":\"echarts\"}</encode>\" ) ;","if ( ( HasDuplicates ( Interventions , Location_1 , Recruitment , Title ) ) , ( Select ( Interventions , Location_1 , Recruitment , Count ( Study_Results ) , Title ) .as ( [ Interventions , Location_1 , Recruitment , CountofStudy_Results , Title ] ) | Group ( Interventions , Location_1 , Recruitment , Title ) | With ( Panel ( 0 ) ) | Format ( type = [ 'table' ] ) | TaskOptions ( { \"0\" : { \"layout\" : \"Map\" , \"alignment\" : { \"label\" : [ \"Interventions\" ] , \"latitude\" : [ \"Location_1\" ] , \"longitude\" : [ \"Recruitment\" ] , \"size\" : [ \"CountofStudy_Results\" ] , \"color\" : [ \"Title\" ] , \"facet\" : [ ] , \"tooltip\" : [ ] } } } ) | Collect ( 500 ) ) , ( Select ( Interventions , Location_1 , Recruitment , Count ( Study_Results ) , Title ) .as ( [ Interventions , Location_1 , Recruitment , CountofStudy_Results , Title ] ) | Group ( Interventions , Location_1 , Recruitment , Title ) | With ( Panel ( 0 ) ) | Format ( type = [ 'table' ] ) | TaskOptions ( { \"0\" : { \"layout\" : \"Map\" , \"alignment\" : { \"label\" : [ \"Interventions\" ] , \"latitude\" : [ \"Location_1\" ] , \"longitude\" : [ \"Recruitment\" ] , \"size\" : [ \"CountofStudy_Results\" ] , \"color\" : [ \"Title\" ] , \"facet\" : [ ] , \"tooltip\" : [ ] } } } ) | Collect ( 500 ) ) ) ;","Panel ( 0 ) | SetPanelView ( \"visualization\" , \"<encode>{\"type\":\"echarts\"}</encode>\" ) ;","if ( ( HasDuplicates ( Interventions ) ) , ( Select ( Interventions , Count ( Location_1 ) ) .as ( [ Interventions , CountofLocation_1 ] ) | Group ( Interventions ) | With ( Panel ( 0 ) ) | Format ( type = [ 'table' ] ) | TaskOptions ( { \"0\" : { \"layout\" : \"Choropleth\" , \"alignment\" : { \"label\" : [ \"Interventions\" ] , \"value\" : [ \"CountofLocation_1\" ] , \"facet\" : [ ] } } } ) | Collect ( 500 ) ) , ( Select ( Interventions , Count ( Location_1 ) ) .as ( [ Interventions , CountofLocation_1 ] ) | Group ( Interventions ) | With ( Panel ( 0 ) ) | Format ( type = [ 'table' ] ) | TaskOptions ( { \"0\" : { \"layout\" : \"Choropleth\" , \"alignment\" : { \"label\" : [ \"Interventions\" ] , \"value\" : [ \"CountofLocation_1\" ] , \"facet\" : [ ] } } } ) | Collect ( 500 ) ) ) ;","if ( ( HasDuplicates ( Location_1 ) ) , ( Select ( Location_1 , Count ( Location_1 ) ) .as ( [ Location_1 , CountofLocation_1 ] ) | Group ( Location_1 ) | With ( Panel ( 0 ) ) | Format ( type = [ 'table' ] ) | TaskOptions ( { \"0\" : { \"layout\" : \"Choropleth\" , \"alignment\" : { \"label\" : [ \"Location_1\" ] , \"value\" : [ \"CountofLocation_1\" ] , \"facet\" : [ ] } } } ) | Collect ( 500 ) ) , ( Select ( Location_1 , Count ( Location_1 ) ) .as ( [ Location_1 , CountofLocation_1 ] ) | Group ( Location_1 ) | With ( Panel ( 0 ) ) | Format ( type = [ 'table' ] ) | TaskOptions ( { \"0\" : { \"layout\" : \"Choropleth\" , \"alignment\" : { \"label\" : [ \"Location_1\" ] , \"value\" : [ \"CountofLocation_1\" ] , \"facet\" : [ ] } } } ) | Collect ( 500 ) ) ) ;","if ( ( HasDuplicates ( Location_1 ) ) , ( Select ( Location_1 , Count ( Disease ) ) .as ( [ Location_1 , CountofDisease ] ) | Group ( Location_1 ) | With ( Panel ( 0 ) ) | Format ( type = [ 'table' ] ) | TaskOptions ( { \"0\" : { \"layout\" : \"Choropleth\" , \"alignment\" : { \"label\" : [ \"Location_1\" ] , \"value\" : [ \"CountofDisease\" ] , \"facet\" : [ ] } } } ) | Collect ( 500 ) ) , ( Select ( Location_1 , Count ( Disease ) ) .as ( [ Location_1 , CountofDisease ] ) | Group ( Location_1 ) | With ( Panel ( 0 ) ) | Format ( type = [ 'table' ] ) | TaskOptions ( { \"0\" : { \"layout\" : \"Choropleth\" , \"alignment\" : { \"label\" : [ \"Location_1\" ] , \"value\" : [ \"CountofDisease\" ] , \"facet\" : [ ] } } } ) | Collect ( 500 ) ) ) ;","if ( ( HasDuplicates ( Location_1 ) ) , ( Select ( Location_1 , Count ( Location_1 ) ) .as ( [ Location_1 , CountofLocation_1 ] ) | Group ( Location_1 ) | With ( Panel ( 0 ) ) | Format ( type = [ 'table' ] ) | TaskOptions ( { \"0\" : { \"layout\" : \"Choropleth\" , \"alignment\" : { \"label\" : [ \"Location_1\" ] , \"value\" : [ \"CountofLocation_1\" ] , \"facet\" : [ ] } } } ) | Collect ( 500 ) ) , ( Select ( Location_1 , Count ( Location_1 ) ) .as ( [ Location_1 , CountofLocation_1 ] ) | Group ( Location_1 ) | With ( Panel ( 0 ) ) | Format ( type = [ 'table' ] ) | TaskOptions ( { \"0\" : { \"layout\" : \"Choropleth\" , \"alignment\" : { \"label\" : [ \"Location_1\" ] , \"value\" : [ \"CountofLocation_1\" ] , \"facet\" : [ ] } } } ) | Collect ( 500 ) ) ) ;","if ( ( HasDuplicates ( Location_1 ) ) , ( Select ( Location_1 , Count ( Disease ) ) .as ( [ Location_1 , CountofDisease ] ) | Group ( Location_1 ) | With ( Panel ( 0 ) ) | Format ( type = [ 'table' ] ) | TaskOptions ( { \"0\" : { \"layout\" : \"Choropleth\" , \"alignment\" : { \"label\" : [ \"Location_1\" ] , \"value\" : [ \"CountofDisease\" ] , \"facet\" : [ ] } } } ) | Collect ( 500 ) ) , ( Select ( Location_1 , Count ( Disease ) ) .as ( [ Location_1 , CountofDisease ] ) | Group ( Location_1 ) | With ( Panel ( 0 ) ) | Format ( type = [ 'table' ] ) | TaskOptions ( { \"0\" : { \"layout\" : \"Choropleth\" , \"alignment\" : { \"label\" : [ \"Location_1\" ] , \"value\" : [ \"CountofDisease\" ] , \"facet\" : [ ] } } } ) | Collect ( 500 ) ) ) ;"]}