{"insightID":"3ee7b558-6d4c-40bb-8c3c-d0921d711bc1","pixelReturn":[{"pixelExpression":"CachedPanel ( 0 ) ;","isMeta":false,"output":{"panelId":"0","view":"visualization","viewOptions":"{\"type\":\"echarts\"}","viewOptionsMap":{"federate-view":{"app_id":"98e8057b-f05d-44db-9d29-39b50d3cf75f"},"visualization":{"type":"echarts"}},"config":{},"ornaments":{},"events":{"onSingleClick":{"Unfilter":[{"disabledVisuals":["Grid","Sunburst"],"default":true,"query":"UnfilterFrame(<SelectedColumn>);","options":{},"refresh":false,"disabled":false,"panel":""}]},"onBrush":{"Filter":[{"default":true,"query":"if(IsEmpty(<SelectedValues>), UnfilterFrame(<SelectedColumn>), SetFrameFilter(<SelectedColumn>==<SelectedValues>));","options":{},"refresh":false,"disabled":false,"panel":""}]}},"comments":{},"position":{},"filters":[],"order":[],"cbv":[]},"operationType":["CACHED_PANEL"]},{"pixelExpression":"if ( ( HasDuplicates ( Location_1 ) ) , ( Select ( Location_1 , Count ( Disease ) ) .as ( [ Location_1 , CountofDisease ] ) | Group ( Location_1 ) | With ( Panel ( 0 ) ) | Format ( type = [ 'table' ] ) | TaskOptions ( { \"0\" : { \"layout\" : \"Choropleth\" , \"alignment\" : { \"label\" : [ \"Location_1\" ] , \"value\" : [ \"CountofDisease\" ] , \"facet\" : [ ] } } } ) | Collect ( 500 ) ) , ( Select ( Location_1 , Count ( Disease ) ) .as ( [ Location_1 , CountofDisease ] ) | Group ( Location_1 ) | With ( Panel ( 0 ) ) | Format ( type = [ 'table' ] ) | TaskOptions ( { \"0\" : { \"layout\" : \"Choropleth\" , \"alignment\" : { \"label\" : [ \"Location_1\" ] , \"value\" : [ \"CountofDisease\" ] , \"facet\" : [ ] } } } ) | Collect ( 500 ) ) ) ;","isMeta":false,"output":{"data":{"values":[["Alabama",372.0],["Alaska",25.0],["Arizona",431.0],["Arkansas",16.0],["Boston",1.0],["California",2824.0],["Colorado",320.0],["Columbia",22.0],["Connecticut",164.0],["Delaware",25.0],["Denver",2.0],["Detroit",4.0],["District_of_Columbia",114.0],["Florida",318.0],["Georgia",106.0],["Hawaii",10.0],["Idaho",2.0],["Illinois",678.0],["Indiana",79.0],["Indianapolis",3.0],["Iowa",15.0],["Kansas",47.0],["Kentucky",37.0],["Louisiana",22.0],["Maine",5.0],["Maryland",1669.0],["Massachusetts",534.0],["Michigan",168.0],["Minneapolis",17.0],["Minnesota",432.0],["Mississippi",6.0],["Missouri",80.0],["Montana",15.0],["Nebraska",60.0],["Nevada",2.0],["New_Hampshire",43.0],["New_Jersey",244.0],["New_Mexico",175.0],["New_York",1433.0],["North_Carolina",433.0],["North_Dakota",76.0],["Ohio",440.0],["Oklahoma",9.0],["Oregon",144.0],["Pennsylvania",381.0],["Rhode_Island",72.0],["South_Carolina",57.0],["South_Dakota",22.0],["Tennessee",186.0],["Texas",573.0],["Utah",44.0],["Vermont",4.0],["Virginia",136.0],["Washington",887.0],["West_Virginia",1.0],["Wisconsin",121.0]],"headers":["Location_1","CountofDisease"],"rawHeaders":["LOCATION_1","CountofDisease"]},"headerInfo":[{"alias":"Location_1","header":"Location_1","type":"STRING","derived":false},{"alias":"CountofDisease","header":"CountofDisease","calculatedBy":"Disease","groupBy":["Location_1"],"math":"Count","type":"NUMBER","derived":true}],"sortInfo":[],"numRows":56,"numCollected":500,"taskOptions":{"0":{"layout":"Choropleth","alignment":{"label":["Location_1"],"value":["CountofDisease"],"facet":[]}}},"format":{"type":"TABLE"},"filterInfo":[],"taskId":"task1"},"operationType":["TASK_DATA"]}]}