{"engineId":"98e8057b-f05d-44db-9d29-39b50d3cf75f","engineName":"ClinicalTrials","rdbmsId":"887f8cce-4a95-4f39-ad01-8c1772d8d31b","varstore":{},"frames":[{"file":"@BaseFolder@/db/@ENGINE@/version/887f8cce-4a95-4f39-ad01-8c1772d8d31b/FRAME6017.gz","meta":"@BaseFolder@/db/@ENGINE@/version/887f8cce-4a95-4f39-ad01-8c1772d8d31b/METADATA__FRAME6017.owl","state":null,"type":"prerna.ds.h2.H2Frame","name":"FRAME6017","keys":["$CUR_FRAME_KEY","FRAME6017"]}],"panels":[{"panelId":"0","panelLabel":"Most Prevalent Diseases in the US","view":"visualization","viewOptions":"{\"type\":\"standard\"}","viewOptionsMap":"{\"federate-view\":{\"app_id\":\"98e8057b-f05d-44db-9d29-39b50d3cf75f\"},\"visualization\":{\"type\":\"standard\"}}","config":"{}","ornaments":"{}","events":"{\"onSingleClick\":{\"Unfilter\":[{\"disabledVisuals\":[\"Grid\",\"Sunburst\"],\"default\":true,\"query\":\"UnfilterFrame(<SelectedColumn>);\",\"options\":{},\"refresh\":false,\"disabled\":false,\"panel\":\"\"}]},\"onBrush\":{\"Filter\":[{\"default\":true,\"query\":\"if(IsEmpty(<SelectedValues>), UnfilterFrame(<SelectedColumn>), SetFrameFilter(<SelectedColumn>==<SelectedValues>));\",\"options\":{},\"refresh\":false,\"disabled\":false,\"panel\":\"\"}]}}","comments":"{}","position":"{}","filters":[],"order":[],"cbv":{}}],"tasks":{"tasks":[{"type":"basic","task":{"taskType":"basic","id":"task1","numCollected":500,"internalOffset":0,"taskOptions":"{\"options\":{\"0\":{\"layout\":\"Grid\",\"alignment\":{\"label\":[\"Disease\",\"Interventions\",\"Location_1\",\"Recruitment\",\"Study_Results\",\"Title\"]}}}}","qs":{"qsType":"FRAME","isDistinct":true,"overrideImplicit":false,"limit":500,"offset":0,"relations":"[]","selectors":[{"type":"COLUMN","content":{"table":"FRAME6017","column":"Disease","alias":"Disease","tableAlias":null}},{"type":"COLUMN","content":{"table":"FRAME6017","column":"Interventions","alias":"Interventions","tableAlias":null}},{"type":"COLUMN","content":{"table":"FRAME6017","column":"Location_1","alias":"Location_1","tableAlias":null}},{"type":"COLUMN","content":{"table":"FRAME6017","column":"Recruitment","alias":"Recruitment","tableAlias":null}},{"type":"COLUMN","content":{"table":"FRAME6017","column":"Study_Results","alias":"Study_Results","tableAlias":null}},{"type":"COLUMN","content":{"table":"FRAME6017","column":"Title","alias":"Title","tableAlias":null}}]}}},{"type":"basic","task":{"taskType":"basic","id":"task3","numCollected":500,"internalOffset":0,"taskOptions":"{\"options\":{\"0\":{\"layout\":\"Column\",\"alignment\":{\"tooltip\":[],\"label\":[\"Disease\"],\"value\":[\"CountofInterventions\",\"CountofLocation_1\",\"CountofRecruitment\",\"CountofStudy_Results\",\"CountofTitle\"],\"facet\":[]}}}}","qs":{"qsType":"FRAME","isDistinct":true,"overrideImplicit":false,"limit":500,"offset":0,"relations":"[]","groups":["{\"column\":\"PRIM_KEY_PLACEHOLDER\",\"table\":\"Disease\",\"alias\":\"\"}"],"selectors":[{"type":"COLUMN","content":{"table":"Disease","column":"PRIM_KEY_PLACEHOLDER","alias":"Disease","tableAlias":null}},{"type":"FUNCTION","content":{"alias":"CountofInterventions","function":"count","distinct":false,"colCast":"","innerSelectors":[{"type":"COLUMN","content":{"table":"Interventions","column":"PRIM_KEY_PLACEHOLDER","alias":"Interventions","tableAlias":null}}]}},{"type":"FUNCTION","content":{"alias":"CountofLocation_1","function":"count","distinct":false,"colCast":"","innerSelectors":[{"type":"COLUMN","content":{"table":"Location_1","column":"PRIM_KEY_PLACEHOLDER","alias":"Location_1","tableAlias":null}}]}},{"type":"FUNCTION","content":{"alias":"CountofRecruitment","function":"count","distinct":false,"colCast":"","innerSelectors":[{"type":"COLUMN","content":{"table":"Recruitment","column":"PRIM_KEY_PLACEHOLDER","alias":"Recruitment","tableAlias":null}}]}},{"type":"FUNCTION","content":{"alias":"CountofStudy_Results","function":"count","distinct":false,"colCast":"","innerSelectors":[{"type":"COLUMN","content":{"table":"Study_Results","column":"PRIM_KEY_PLACEHOLDER","alias":"Study_Results","tableAlias":null}}]}},{"type":"FUNCTION","content":{"alias":"CountofTitle","function":"count","distinct":false,"colCast":"","innerSelectors":[{"type":"COLUMN","content":{"table":"Title","column":"PRIM_KEY_PLACEHOLDER","alias":"Title","tableAlias":null}}]}}]}}},{"type":"basic","task":{"taskType":"basic","id":"task5","numCollected":500,"internalOffset":0,"taskOptions":"{\"options\":{\"0\":{\"layout\":\"Column\",\"alignment\":{\"tooltip\":[],\"label\":[\"Disease\"],\"value\":[\"CountofInterventions\",\"CountofLocation_1\",\"CountofStudy_Results\",\"CountofTitle\"],\"facet\":[]}}}}","qs":{"qsType":"FRAME","isDistinct":true,"overrideImplicit":false,"limit":500,"offset":0,"relations":"[]","groups":["{\"column\":\"PRIM_KEY_PLACEHOLDER\",\"table\":\"Disease\",\"alias\":\"\"}"],"selectors":[{"type":"COLUMN","content":{"table":"Disease","column":"PRIM_KEY_PLACEHOLDER","alias":"Disease","tableAlias":null}},{"type":"FUNCTION","content":{"alias":"CountofInterventions","function":"count","distinct":false,"colCast":"","innerSelectors":[{"type":"COLUMN","content":{"table":"Interventions","column":"PRIM_KEY_PLACEHOLDER","alias":"Interventions","tableAlias":null}}]}},{"type":"FUNCTION","content":{"alias":"CountofLocation_1","function":"count","distinct":false,"colCast":"","innerSelectors":[{"type":"COLUMN","content":{"table":"Location_1","column":"PRIM_KEY_PLACEHOLDER","alias":"Location_1","tableAlias":null}}]}},{"type":"FUNCTION","content":{"alias":"CountofStudy_Results","function":"count","distinct":false,"colCast":"","innerSelectors":[{"type":"COLUMN","content":{"table":"Study_Results","column":"PRIM_KEY_PLACEHOLDER","alias":"Study_Results","tableAlias":null}}]}},{"type":"FUNCTION","content":{"alias":"CountofTitle","function":"count","distinct":false,"colCast":"","innerSelectors":[{"type":"COLUMN","content":{"table":"Title","column":"PRIM_KEY_PLACEHOLDER","alias":"Title","tableAlias":null}}]}}]}}},{"type":"basic","task":{"taskType":"basic","id":"task7","numCollected":500,"internalOffset":0,"taskOptions":"{\"options\":{\"0\":{\"layout\":\"Column\",\"alignment\":{\"tooltip\":[],\"label\":[\"Disease\"],\"value\":[\"CountofInterventions\",\"CountofStudy_Results\",\"CountofTitle\"],\"facet\":[]}}}}","qs":{"qsType":"FRAME","isDistinct":true,"overrideImplicit":false,"limit":500,"offset":0,"relations":"[]","groups":["{\"column\":\"PRIM_KEY_PLACEHOLDER\",\"table\":\"Disease\",\"alias\":\"\"}"],"selectors":[{"type":"COLUMN","content":{"table":"Disease","column":"PRIM_KEY_PLACEHOLDER","alias":"Disease","tableAlias":null}},{"type":"FUNCTION","content":{"alias":"CountofInterventions","function":"count","distinct":false,"colCast":"","innerSelectors":[{"type":"COLUMN","content":{"table":"Interventions","column":"PRIM_KEY_PLACEHOLDER","alias":"Interventions","tableAlias":null}}]}},{"type":"FUNCTION","content":{"alias":"CountofStudy_Results","function":"count","distinct":false,"colCast":"","innerSelectors":[{"type":"COLUMN","content":{"table":"Study_Results","column":"PRIM_KEY_PLACEHOLDER","alias":"Study_Results","tableAlias":null}}]}},{"type":"FUNCTION","content":{"alias":"CountofTitle","function":"count","distinct":false,"colCast":"","innerSelectors":[{"type":"COLUMN","content":{"table":"Title","column":"PRIM_KEY_PLACEHOLDER","alias":"Title","tableAlias":null}}]}}]}}},{"type":"basic","task":{"taskType":"basic","id":"task9","numCollected":500,"internalOffset":0,"taskOptions":"{\"options\":{\"0\":{\"layout\":\"Column\",\"alignment\":{\"tooltip\":[],\"label\":[\"Disease\"],\"value\":[\"CountofInterventions\",\"CountofTitle\"],\"facet\":[]}}}}","qs":{"qsType":"FRAME","isDistinct":true,"overrideImplicit":false,"limit":500,"offset":0,"relations":"[]","groups":["{\"column\":\"PRIM_KEY_PLACEHOLDER\",\"table\":\"Disease\",\"alias\":\"\"}"],"selectors":[{"type":"COLUMN","content":{"table":"Disease","column":"PRIM_KEY_PLACEHOLDER","alias":"Disease","tableAlias":null}},{"type":"FUNCTION","content":{"alias":"CountofInterventions","function":"count","distinct":false,"colCast":"","innerSelectors":[{"type":"COLUMN","content":{"table":"Interventions","column":"PRIM_KEY_PLACEHOLDER","alias":"Interventions","tableAlias":null}}]}},{"type":"FUNCTION","content":{"alias":"CountofTitle","function":"count","distinct":false,"colCast":"","innerSelectors":[{"type":"COLUMN","content":{"table":"Title","column":"PRIM_KEY_PLACEHOLDER","alias":"Title","tableAlias":null}}]}}]}}},{"type":"basic","task":{"taskType":"basic","id":"task11","numCollected":500,"internalOffset":0,"taskOptions":"{\"options\":{\"0\":{\"layout\":\"Column\",\"alignment\":{\"tooltip\":[],\"label\":[\"Disease\"],\"value\":[\"CountofInterventions\"],\"facet\":[]}}}}","qs":{"qsType":"FRAME","isDistinct":true,"overrideImplicit":false,"limit":500,"offset":0,"relations":"[]","groups":["{\"column\":\"PRIM_KEY_PLACEHOLDER\",\"table\":\"Disease\",\"alias\":\"\"}"],"selectors":[{"type":"COLUMN","content":{"table":"Disease","column":"PRIM_KEY_PLACEHOLDER","alias":"Disease","tableAlias":null}},{"type":"FUNCTION","content":{"alias":"CountofInterventions","function":"count","distinct":false,"colCast":"","innerSelectors":[{"type":"COLUMN","content":{"table":"Interventions","column":"PRIM_KEY_PLACEHOLDER","alias":"Interventions","tableAlias":null}}]}}]}}},{"type":"basic","task":{"taskType":"basic","id":"task13","numCollected":500,"internalOffset":0,"taskOptions":"{\"options\":{\"0\":{\"layout\":\"Pie\",\"alignment\":{\"heat\":[],\"tooltip\":[],\"label\":[\"Disease\"],\"value\":[\"CountofInterventions\"],\"facet\":[]}}}}","qs":{"qsType":"FRAME","isDistinct":true,"overrideImplicit":false,"limit":500,"offset":0,"relations":"[]","groups":["{\"column\":\"PRIM_KEY_PLACEHOLDER\",\"table\":\"Disease\",\"alias\":\"\"}"],"selectors":[{"type":"COLUMN","content":{"table":"Disease","column":"PRIM_KEY_PLACEHOLDER","alias":"Disease","tableAlias":null}},{"type":"FUNCTION","content":{"alias":"CountofInterventions","function":"count","distinct":false,"colCast":"","innerSelectors":[{"type":"COLUMN","content":{"table":"Interventions","column":"PRIM_KEY_PLACEHOLDER","alias":"Interventions","tableAlias":null}}]}}]}}},{"type":"basic","task":{"taskType":"basic","id":"task15","numCollected":500,"internalOffset":0,"taskOptions":"{\"options\":{\"0\":{\"layout\":\"Sankey\",\"alignment\":{\"label\":[\"Disease\"],\"value\":[\"CountofInterventions\"],\"facet\":[]}}}}","qs":{"qsType":"FRAME","isDistinct":true,"overrideImplicit":false,"limit":500,"offset":0,"relations":"[]","groups":["{\"column\":\"PRIM_KEY_PLACEHOLDER\",\"table\":\"Disease\",\"alias\":\"\"}"],"selectors":[{"type":"COLUMN","content":{"table":"Disease","column":"PRIM_KEY_PLACEHOLDER","alias":"Disease","tableAlias":null}},{"type":"FUNCTION","content":{"alias":"CountofInterventions","function":"count","distinct":false,"colCast":"","innerSelectors":[{"type":"COLUMN","content":{"table":"Interventions","column":"PRIM_KEY_PLACEHOLDER","alias":"Interventions","tableAlias":null}}]}}]}}},{"type":"basic","task":{"taskType":"basic","id":"task17","numCollected":500,"internalOffset":0,"taskOptions":"{\"options\":{\"0\":{\"layout\":\"Sankey\",\"alignment\":{\"label\":[\"Disease\"],\"value\":[\"UniqueCountofInterventions\"],\"facet\":[]}}}}","qs":{"qsType":"FRAME","isDistinct":true,"overrideImplicit":false,"limit":500,"offset":0,"relations":"[]","groups":["{\"column\":\"PRIM_KEY_PLACEHOLDER\",\"table\":\"Disease\",\"alias\":\"\"}"],"selectors":[{"type":"COLUMN","content":{"table":"Disease","column":"PRIM_KEY_PLACEHOLDER","alias":"Disease","tableAlias":null}},{"type":"FUNCTION","content":{"alias":"UniqueCountofInterventions","function":"uniquecount","distinct":true,"colCast":"","innerSelectors":[{"type":"COLUMN","content":{"table":"Interventions","column":"PRIM_KEY_PLACEHOLDER","alias":"Interventions","tableAlias":null}}]}}]}}},{"type":"basic","task":{"taskType":"basic","id":"task19","numCollected":500,"internalOffset":0,"taskOptions":"{\"options\":{\"0\":{\"layout\":\"Sankey\",\"alignment\":{\"label\":[\"Disease\"],\"value\":[\"UniqueCountofInterventions\"],\"facet\":[]}}}}","qs":{"qsType":"FRAME","isDistinct":true,"overrideImplicit":false,"limit":500,"offset":0,"relations":"[]","groups":["{\"column\":\"PRIM_KEY_PLACEHOLDER\",\"table\":\"Disease\",\"alias\":\"\"}"],"selectors":[{"type":"COLUMN","content":{"table":"Disease","column":"PRIM_KEY_PLACEHOLDER","alias":"Disease","tableAlias":null}},{"type":"FUNCTION","content":{"alias":"UniqueCountofInterventions","function":"uniquecount","distinct":true,"colCast":"","innerSelectors":[{"type":"COLUMN","content":{"table":"Interventions","column":"PRIM_KEY_PLACEHOLDER","alias":"Interventions","tableAlias":null}}]}}]}}},{"type":"basic","task":{"taskType":"basic","id":"task21","numCollected":500,"internalOffset":0,"taskOptions":"{\"options\":{\"0\":{\"layout\":\"Dendrogram\",\"alignment\":{\"dimension\":[\"Disease\",\"Interventions\"]}}}}","qs":{"qsType":"FRAME","isDistinct":true,"overrideImplicit":false,"limit":500,"offset":0,"relations":"[]","selectors":[{"type":"COLUMN","content":{"table":"Disease","column":"PRIM_KEY_PLACEHOLDER","alias":"Disease","tableAlias":null}},{"type":"COLUMN","content":{"table":"Interventions","column":"PRIM_KEY_PLACEHOLDER","alias":"Interventions","tableAlias":null}}]}}},{"type":"basic","task":{"taskType":"basic","id":"task23","numCollected":500,"internalOffset":0,"taskOptions":"{\"options\":{\"0\":{\"layout\":\"Cluster\",\"alignment\":{\"cluster\":[\"Disease\"],\"tooltip\":[],\"label\":[\"Interventions\"]}}}}","qs":{"qsType":"FRAME","isDistinct":true,"overrideImplicit":false,"limit":500,"offset":0,"relations":"[]","selectors":[{"type":"COLUMN","content":{"table":"Disease","column":"PRIM_KEY_PLACEHOLDER","alias":"Disease","tableAlias":null}},{"type":"COLUMN","content":{"table":"Interventions","column":"PRIM_KEY_PLACEHOLDER","alias":"Interventions","tableAlias":null}}]}}}],"taskCounter":24},"recipe":["AddPanel ( 0 ) ;","Panel ( 0 ) | AddPanelEvents ( { \"onSingleClick\" : { \"Unfilter\" : [ { \"panel\" : \"\" , \"query\" : \"UnfilterFrame(%3CSelectedColumn%3E)%3B\" , \"options\" : { } , \"refresh\" : false , \"default\" : true , \"disabledVisuals\" : [ \"Grid\" , \"Sunburst\" ] , \"disabled\" : false } ] } , \"onBrush\" : { \"Filter\" : [ { \"panel\" : \"\" , \"query\" : \"if(IsEmpty(%3CSelectedValues%3E)%2C%20UnfilterFrame(%3CSelectedColumn%3E)%2C%20SetFrameFilter(%3CSelectedColumn%3E%3D%3D%3CSelectedValues%3E))%3B\" , \"options\" : { } , \"refresh\" : false , \"default\" : true , \"disabled\" : false } ] } } ) ;","Panel ( 0 ) | RetrievePanelEvents ( ) ;","Panel ( 0 ) | SetPanelView ( \"visualization\" , \"%7B%22type%22%3A%22echarts%22%7D\" ) ;","Panel ( 0 ) | SetPanelView ( \"federate-view\" , \"%7B%22app_id%22%3A%2298e8057b-f05d-44db-9d29-39b50d3cf75f%22%7D\" ) ;","CreateFrame ( frameType = [ GRID ] ) .as ( [ 'FRAME6017' ] ) ;","Database ( database = [ \"98e8057b-f05d-44db-9d29-39b50d3cf75f\" ] ) | Select ( Interventions , Recruitment , Title , Study_Results , Location_1 , Disease ) .as ( [ Interventions , Recruitment , Title , Study_Results , Location_1 , Disease ] ) | Join ( ( Title , inner.join , Disease ) , ( Title , inner.join , Location_1 ) , ( Title , inner.join , Interventions ) , ( Title , inner.join , Recruitment ) , ( Title , inner.join , Study_Results ) ) | Import ( ) ;","Panel ( 0 ) | SetPanelView ( \"visualization\" ) ;","Frame ( ) | QueryAll ( ) | AutoTaskOptions ( panel = [ \"0\" ] , layout = [ \"Grid\" ] ) | Collect ( 500 ) ;","Panel ( 0 ) | SetPanelView ( \"visualization\" , \"%7B%22type%22%3A%22echarts%22%7D\" ) ;","if ( ( HasDuplicates ( Disease ) ) , ( Select ( Disease , Count ( Interventions ) , Count ( Location_1 ) , Count ( Recruitment ) , Count ( Study_Results ) , Count ( Title ) ) .as ( [ Disease , CountofInterventions , CountofLocation_1 , CountofRecruitment , CountofStudy_Results , CountofTitle ] ) | Group ( Disease ) | With ( Panel ( 0 ) ) | Format ( type = [ 'table' ] ) | TaskOptions ( { \"0\" : { \"layout\" : \"Column\" , \"alignment\" : { \"label\" : [ \"Disease\" ] , \"value\" : [ \"CountofInterventions\" , \"CountofLocation_1\" , \"CountofRecruitment\" , \"CountofStudy_Results\" , \"CountofTitle\" ] , \"tooltip\" : [ ] , \"facet\" : [ ] } } } ) | Collect ( 500 ) ) , ( Select ( Disease , Count ( Interventions ) , Count ( Location_1 ) , Count ( Recruitment ) , Count ( Study_Results ) , Count ( Title ) ) .as ( [ Disease , CountofInterventions , CountofLocation_1 , CountofRecruitment , CountofStudy_Results , CountofTitle ] ) | Group ( Disease ) | With ( Panel ( 0 ) ) | Format ( type = [ 'table' ] ) | TaskOptions ( { \"0\" : { \"layout\" : \"Column\" , \"alignment\" : { \"label\" : [ \"Disease\" ] , \"value\" : [ \"CountofInterventions\" , \"CountofLocation_1\" , \"CountofRecruitment\" , \"CountofStudy_Results\" , \"CountofTitle\" ] , \"tooltip\" : [ ] , \"facet\" : [ ] } } } ) | Collect ( 500 ) ) ) ;","if ( ( HasDuplicates ( Disease ) ) , ( Select ( Disease , Count ( Interventions ) , Count ( Location_1 ) , Count ( Study_Results ) , Count ( Title ) ) .as ( [ Disease , CountofInterventions , CountofLocation_1 , CountofStudy_Results , CountofTitle ] ) | Group ( Disease ) | With ( Panel ( 0 ) ) | Format ( type = [ 'table' ] ) | TaskOptions ( { \"0\" : { \"layout\" : \"Column\" , \"alignment\" : { \"label\" : [ \"Disease\" ] , \"value\" : [ \"CountofInterventions\" , \"CountofLocation_1\" , \"CountofStudy_Results\" , \"CountofTitle\" ] , \"tooltip\" : [ ] , \"facet\" : [ ] } } } ) | Collect ( 500 ) ) , ( Select ( Disease , Count ( Interventions ) , Count ( Location_1 ) , Count ( Study_Results ) , Count ( Title ) ) .as ( [ Disease , CountofInterventions , CountofLocation_1 , CountofStudy_Results , CountofTitle ] ) | Group ( Disease ) | With ( Panel ( 0 ) ) | Format ( type = [ 'table' ] ) | TaskOptions ( { \"0\" : { \"layout\" : \"Column\" , \"alignment\" : { \"label\" : [ \"Disease\" ] , \"value\" : [ \"CountofInterventions\" , \"CountofLocation_1\" , \"CountofStudy_Results\" , \"CountofTitle\" ] , \"tooltip\" : [ ] , \"facet\" : [ ] } } } ) | Collect ( 500 ) ) ) ;","if ( ( HasDuplicates ( Disease ) ) , ( Select ( Disease , Count ( Interventions ) , Count ( Study_Results ) , Count ( Title ) ) .as ( [ Disease , CountofInterventions , CountofStudy_Results , CountofTitle ] ) | Group ( Disease ) | With ( Panel ( 0 ) ) | Format ( type = [ 'table' ] ) | TaskOptions ( { \"0\" : { \"layout\" : \"Column\" , \"alignment\" : { \"label\" : [ \"Disease\" ] , \"value\" : [ \"CountofInterventions\" , \"CountofStudy_Results\" , \"CountofTitle\" ] , \"tooltip\" : [ ] , \"facet\" : [ ] } } } ) | Collect ( 500 ) ) , ( Select ( Disease , Count ( Interventions ) , Count ( Study_Results ) , Count ( Title ) ) .as ( [ Disease , CountofInterventions , CountofStudy_Results , CountofTitle ] ) | Group ( Disease ) | With ( Panel ( 0 ) ) | Format ( type = [ 'table' ] ) | TaskOptions ( { \"0\" : { \"layout\" : \"Column\" , \"alignment\" : { \"label\" : [ \"Disease\" ] , \"value\" : [ \"CountofInterventions\" , \"CountofStudy_Results\" , \"CountofTitle\" ] , \"tooltip\" : [ ] , \"facet\" : [ ] } } } ) | Collect ( 500 ) ) ) ;","if ( ( HasDuplicates ( Disease ) ) , ( Select ( Disease , Count ( Interventions ) , Count ( Title ) ) .as ( [ Disease , CountofInterventions , CountofTitle ] ) | Group ( Disease ) | With ( Panel ( 0 ) ) | Format ( type = [ 'table' ] ) | TaskOptions ( { \"0\" : { \"layout\" : \"Column\" , \"alignment\" : { \"label\" : [ \"Disease\" ] , \"value\" : [ \"CountofInterventions\" , \"CountofTitle\" ] , \"tooltip\" : [ ] , \"facet\" : [ ] } } } ) | Collect ( 500 ) ) , ( Select ( Disease , Count ( Interventions ) , Count ( Title ) ) .as ( [ Disease , CountofInterventions , CountofTitle ] ) | Group ( Disease ) | With ( Panel ( 0 ) ) | Format ( type = [ 'table' ] ) | TaskOptions ( { \"0\" : { \"layout\" : \"Column\" , \"alignment\" : { \"label\" : [ \"Disease\" ] , \"value\" : [ \"CountofInterventions\" , \"CountofTitle\" ] , \"tooltip\" : [ ] , \"facet\" : [ ] } } } ) | Collect ( 500 ) ) ) ;","if ( ( HasDuplicates ( Disease ) ) , ( Select ( Disease , Count ( Interventions ) ) .as ( [ Disease , CountofInterventions ] ) | Group ( Disease ) | With ( Panel ( 0 ) ) | Format ( type = [ 'table' ] ) | TaskOptions ( { \"0\" : { \"layout\" : \"Column\" , \"alignment\" : { \"label\" : [ \"Disease\" ] , \"value\" : [ \"CountofInterventions\" ] , \"tooltip\" : [ ] , \"facet\" : [ ] } } } ) | Collect ( 500 ) ) , ( Select ( Disease , Count ( Interventions ) ) .as ( [ Disease , CountofInterventions ] ) | Group ( Disease ) | With ( Panel ( 0 ) ) | Format ( type = [ 'table' ] ) | TaskOptions ( { \"0\" : { \"layout\" : \"Column\" , \"alignment\" : { \"label\" : [ \"Disease\" ] , \"value\" : [ \"CountofInterventions\" ] , \"tooltip\" : [ ] , \"facet\" : [ ] } } } ) | Collect ( 500 ) ) ) ;","Panel ( 0 ) | SetPanelView ( \"visualization\" , \"%7B%22type%22%3A%22echarts%22%7D\" ) ;","if ( ( HasDuplicates ( Disease ) ) , ( Select ( Disease , Count ( Interventions ) ) .as ( [ Disease , CountofInterventions ] ) | Group ( Disease ) | With ( Panel ( 0 ) ) | Format ( type = [ 'table' ] ) | TaskOptions ( { \"0\" : { \"layout\" : \"Pie\" , \"alignment\" : { \"label\" : [ \"Disease\" ] , \"value\" : [ \"CountofInterventions\" ] , \"heat\" : [ ] , \"tooltip\" : [ ] , \"facet\" : [ ] } } } ) | Collect ( 500 ) ) , ( Select ( Disease , Count ( Interventions ) ) .as ( [ Disease , CountofInterventions ] ) | Group ( Disease ) | With ( Panel ( 0 ) ) | Format ( type = [ 'table' ] ) | TaskOptions ( { \"0\" : { \"layout\" : \"Pie\" , \"alignment\" : { \"label\" : [ \"Disease\" ] , \"value\" : [ \"CountofInterventions\" ] , \"heat\" : [ ] , \"tooltip\" : [ ] , \"facet\" : [ ] } } } ) | Collect ( 500 ) ) ) ;","Panel ( 0 ) | SetPanelView ( \"visualization\" , \"%7B%22type%22%3A%22echarts%22%7D\" ) ;","if ( ( HasDuplicates ( Disease ) ) , ( Select ( Disease , Count ( Interventions ) ) .as ( [ Disease , CountofInterventions ] ) | Group ( Disease ) | With ( Panel ( 0 ) ) | Format ( type = [ 'table' ] ) | TaskOptions ( { \"0\" : { \"layout\" : \"Sankey\" , \"alignment\" : { \"label\" : [ \"Disease\" ] , \"value\" : [ \"CountofInterventions\" ] , \"facet\" : [ ] } } } ) | Collect ( 500 ) ) , ( Select ( Disease , Count ( Interventions ) ) .as ( [ Disease , CountofInterventions ] ) | Group ( Disease ) | With ( Panel ( 0 ) ) | Format ( type = [ 'table' ] ) | TaskOptions ( { \"0\" : { \"layout\" : \"Sankey\" , \"alignment\" : { \"label\" : [ \"Disease\" ] , \"value\" : [ \"CountofInterventions\" ] , \"facet\" : [ ] } } } ) | Collect ( 500 ) ) ) ;","if ( ( HasDuplicates ( Disease ) ) , ( Select ( Disease , UniqueCount ( Interventions ) ) .as ( [ Disease , UniqueCountofInterventions ] ) | Group ( Disease ) | With ( Panel ( 0 ) ) | Format ( type = [ 'table' ] ) | TaskOptions ( { \"0\" : { \"layout\" : \"Sankey\" , \"alignment\" : { \"label\" : [ \"Disease\" ] , \"value\" : [ \"UniqueCountofInterventions\" ] , \"facet\" : [ ] } } } ) | Collect ( 500 ) ) , ( Select ( Disease , Count ( Interventions ) ) .as ( [ Disease , CountofInterventions ] ) | Group ( Disease ) | With ( Panel ( 0 ) ) | Format ( type = [ 'table' ] ) | TaskOptions ( { \"0\" : { \"layout\" : \"Sankey\" , \"alignment\" : { \"label\" : [ \"Disease\" ] , \"value\" : [ \"CountofInterventions\" ] , \"facet\" : [ ] } } } ) | Collect ( 500 ) ) ) ;","Panel ( 0 ) | SetPanelView ( \"visualization\" , \"%7B%22type%22%3A%22echarts%22%7D\" ) ;","if ( ( HasDuplicates ( Disease ) ) , ( Select ( Disease , UniqueCount ( Interventions ) ) .as ( [ Disease , UniqueCountofInterventions ] ) | Group ( Disease ) | With ( Panel ( 0 ) ) | Format ( type = [ 'table' ] ) | TaskOptions ( { \"0\" : { \"layout\" : \"Sankey\" , \"alignment\" : { \"label\" : [ \"Disease\" ] , \"value\" : [ \"UniqueCountofInterventions\" ] , \"facet\" : [ ] } } } ) | Collect ( 500 ) ) , ( Select ( Disease , Count ( Interventions ) ) .as ( [ Disease , CountofInterventions ] ) | Group ( Disease ) | With ( Panel ( 0 ) ) | Format ( type = [ 'table' ] ) | TaskOptions ( { \"0\" : { \"layout\" : \"Sankey\" , \"alignment\" : { \"label\" : [ \"Disease\" ] , \"value\" : [ \"CountofInterventions\" ] , \"facet\" : [ ] } } } ) | Collect ( 500 ) ) ) ;","Panel ( 0 ) | SetPanelView ( \"visualization\" , \"%7B%22type%22%3A%22echarts%22%7D\" ) ;","Select ( Disease , Interventions ) .as ( [ Disease , Interventions ] ) | With ( Panel ( 0 ) ) | Format ( type = [ 'table' ] ) | TaskOptions ( { \"0\" : { \"layout\" : \"Dendrogram\" , \"alignment\" : { \"dimension\" : [ \"Disease\" , \"Interventions\" ] } } } ) | Collect ( 500 ) ;","Panel ( 0 ) | SetPanelView ( \"visualization\" , \"%7B%22type%22%3A%22standard%22%7D\" ) ;","Select ( Disease , Interventions ) .as ( [ Disease , Interventions ] ) | With ( Panel ( 0 ) ) | Format ( type = [ 'table' ] ) | TaskOptions ( { \"0\" : { \"layout\" : \"Cluster\" , \"alignment\" : { \"cluster\" : [ \"Disease\" ] , \"label\" : [ \"Interventions\" ] , \"tooltip\" : [ ] } } } ) | Collect ( 500 ) ;","Panel ( 0 ) | SetPanelLabel ( \"Most Prevalent Diseases in the US\" ) ;"]}