{"insightID":"9577a632-6bc8-4ae3-8078-fbdd0d1ce0dd","pixelReturn":[{"pixelExpression":"Select ( Disease , Interventions ) .as ( [ Disease , Interventions ] ) | With ( Panel ( 0 ) ) | Format ( type = [ 'table' ] ) | TaskOptions ( { \"0\" : { \"layout\" : \"Cluster\" , \"alignment\" : { \"cluster\" : [ \"Disease\" ] , \"label\" : [ \"Interventions\" ] , \"tooltip\" : [ ] } } } ) | Collect ( 500 ) ;","isMeta":false,"output":{"data":{"values":[["ABNORMAL_FINDINGS_ON_RADIOLOGICAL_EXAMINATION_OF_BREAST","Procedure:_Computer_aided_analysis_of_breast_lesions"],["ACCELERATED_PHASE_CHRONIC_MYELOGENOUS_LEUKEMIA","Drug:_sunitinib_malate"],["ACCELERATED_PHASE_CHRONIC_MYELOGENOUS_LEUKEMIA","Drug:_fludarabine_phosphate;Radiation:_total-body_irradiation;Procedure:_nonmyeloablative_allogeneic_hematopoietic_stem_cell_transplantation;Procedure:_allogeneic_bone_marrow_transplantation;Procedure:_peripheral_blood_stem_cell_transplantation;Biological:_therapeutic_allogeneic_lymphocytes;Drug:_cyclosporine;Drug:_mycophenolate_mofetil;Other:_pharmacological_study;Other:_laboratory_biomarker_analysis"],["ACCELERATED_PHASE_CHRONIC_MYELOGENOUS_LEUKEMIA","Drug:_tanespimycin;Drug:_cytarabine"],["ACCELERATED_PHASE_CHRONIC_MYELOGENOUS_LEUKEMIA","Biological:_therapeutic_allogeneic_lymphocytes;Biological:_aldesleukin;Other:_laboratory_biomarker_analysis;Other:_flow_cytometry"],["ACCELERATED_PHASE_CHRONIC_MYELOGENOUS_LEUKEMIA","Drug:_cytarabine;Drug:_triapine;Other:_laboratory_biomarker_analysis"],["ACCELERATED_PHASE_CHRONIC_MYELOGENOUS_LEUKEMIA","Drug:_treosulfan;Drug:_fludarabine_phosphate;Radiation:_total-body_irradiation;Procedure:_peripheral_blood_stem_cell_transplantation;Drug:_tacrolimus;Procedure:_allogeneic_bone_marrow_transplantation;Procedure:_allogeneic_hematopoietic_stem_cell_transplantation;Drug:_methotrexate"],["ACCELERATED_PHASE_CHRONIC_MYELOGENOUS_LEUKEMIA","Biological:_PR1_leukemia_peptide_vaccine;Drug:_Montanide_ISA_51_VG;Biological:_sargramostim;Other:_laboratory_biomarker_analysis"],["ACCELERATED_PHASE_CHRONIC_MYELOGENOUS_LEUKEMIA","Procedure:_umbilical_cord_blood_transplantation;Drug:_fludarabine_phosphate;Drug:_cyclophosphamide;Procedure:_ex_vivo-expanded_cord_blood_progenitor_cell_infusion;Radiation:_total-body_irradiation;Drug:_cyclosporine;Drug:_mycophenolate_mofetil;Other:_laboratory_biomarker_analysis"],["ACCELERATED_PHASE_CHRONIC_MYELOGENOUS_LEUKEMIA","Drug:_dasatinib;Other:_pharmacological_study;Other:_laboratory_biomarker_analysis"],["ACCELERATED_PHASE_CHRONIC_MYELOGENOUS_LEUKEMIA","Drug:_fludarabine_phosphate;Drug:_triapine;Procedure:_laboratory_biomarker_analysis"],["ACCELERATED_PHASE_CHRONIC_MYELOGENOUS_LEUKEMIA","Drug:_imatinib_mesylate;Drug:_temsirolimus;Other:_laboratory_biomarker_analysis"],["ACCELERATED_PHASE_CHRONIC_MYELOGENOUS_LEUKEMIA","Drug:_bryostatin_1;Biological:_sargramostim;Other:_laboratory_biomarker_analysis;Other:_pharmacological_study"],["ACCELERATED_PHASE_CHRONIC_MYELOGENOUS_LEUKEMIA","Drug:_nilotinib;Drug:_imatinib_mesylate;Other:_pharmacological_study"],["ACCELERATED_PHASE_CHRONIC_MYELOGENOUS_LEUKEMIA","Drug:_imatinib_mesylate;Drug:_decitabine;Other:_laboratory_biomarker_analysis"],["ACCELERATED_PHASE_CHRONIC_MYELOGENOUS_LEUKEMIA","Drug:_vorinostat;Drug:_cytarabine;Drug:_etoposide;Other:_pharmacological_study;Other:_laboratory_biomarker_analysis"],["ACCELERATED_PHASE_CHRONIC_MYELOGENOUS_LEUKEMIA","Biological:_etanercept;Drug:_methylprednisolone"],["ACCELERATED_PHASE_CHRONIC_MYELOGENOUS_LEUKEMIA","Drug:_fludarabine_phosphate;Drug:_busulfan;Biological:_anti-thymocyte_globulin;Drug:_tacrolimus;Drug:_methotrexate;Procedure:_peripheral_blood_stem_cell_transplantation;Procedure:_allogeneic_hematopoietic_stem_cell_transplantation;Other:_laboratory_biomarker_analysis"],["ACCELERATED_PHASE_CHRONIC_MYELOGENOUS_LEUKEMIA","Drug:_7-hydroxystaurosporine;Drug:_perifosine;Other:_pharmacological_study"],["ACCELERATED_PHASE_CHRONIC_MYELOGENOUS_LEUKEMIA","Drug:_dasatinib;Other:_diagnostic_laboratory_biomarker_analysis;Other:_pharmacological_study;Drug:_cyclosporine"],["ACCELERATED_PHASE_CHRONIC_MYELOGENOUS_LEUKEMIA,_BCR-ABL1_POSITIVE","Other:_Laboratory_Biomarker_Analysis;Biological:_Multi-peptide_CMV-Modified_Vaccinia_Ankara_Vaccine;Other:_Placebo"],["ACCELERATED_PHASE_CHRONIC_MYELOGENOUS_LEUKEMIA,_BCR-ABL1_POSITIVE","Biological:_CMVpp65-A*0201_peptide_vaccine;Other:_Placebo;Other:_Laboratory_Biomarker_Analysis"],["ACCELERATED_PHASE_CHRONIC_MYELOGENOUS_LEUKEMIA,_BCR-ABL1_POSITIVE","Procedure:_Allogeneic_Hematopoietic_Stem_Cell_Transplantation;Drug:_Fludarabine_Phosphate;Other:_Laboratory_Biomarker_Analysis;Drug:_Methotrexate;Procedure:_Peripheral_Blood_Stem_Cell_Transplantation;Biological:_T_Cell-Depleted_Hematopoietic_Stem_Cell_Transplantation;Drug:_Tacrolimus;Drug:_Thiotepa;Radiation:_Total-Body_Irradiation"],["ACCELERATED_PHASE_CHRONIC_MYELOGENOUS_LEUKEMIA,_BCR-ABL1_POSITIVE","Procedure:_Allogeneic_Hematopoietic_Stem_Cell_Transplantation;Drug:_Cyclophosphamide;Drug:_Fludarabine_Phosphate;Other:_Laboratory_Biomarker_Analysis;Drug:_Methotrexate;Drug:_Mycophenolate_Mofetil;Procedure:_Peripheral_Blood_Stem_Cell_Transplantation;Drug:_Tacrolimus;Drug:_Thiotepa;Radiation:_Total-Body_Irradiation"],["ACCELERATED_PHASE_CHRONIC_MYELOGENOUS_LEUKEMIA,_BCR-ABL1_POSITIVE","Drug:_Cyclophosphamide;Drug:_Fludarabine_Phosphate;Other:_Laboratory_Biomarker_Analysis;Procedure:_Peripheral_Blood_Stem_Cell_Transplantation;Radiation:_Total-Body_Irradiation"],["ACCELERATED_PHASE_CHRONIC_MYELOGENOUS_LEUKEMIA,_BCR-ABL1_POSITIVE","Biological:_Multi-peptide_CMV-Modified_Vaccinia_Ankara_Vaccine;Other:_Laboratory_Biomarker_Analysis;Other:_Placebo"],["ACCELERATED_PHASE_OF_DISEASE","Other:_Laboratory_Biomarker_Analysis;Other:_Pharmacological_Study;Drug:_Temozolomide;Drug:_Veliparib"],["ACCELERATED_PHASE_OF_DISEASE","Other:_Laboratory_Biomarker_Analysis;Drug:_Tipifarnib"],["ACCELERATED_PHASE_OF_DISEASE","Drug:_Belinostat;Drug:_Azacitidine;Other:_Laboratory_Biomarker_Analysis"],["ACCELERATED_PHASE_OF_DISEASE","Drug:_Fludarabine_Phosphate;Radiation:_Total-Body_Irradiation;Procedure:_Nonmyeloablative_Allogeneic_Hematopoietic_Stem_Cell_Transplantation;Procedure:_Peripheral_Blood_Stem_Cell_Transplantation;Drug:_Cyclosporine;Drug:_Mycophenolate_Mofetil;Biological:_Therapeutic_Allogeneic_Lymphocytes;Other:_Laboratory_Biomarker_Analysis"],["ACINAR_CELL_ADENOCARCINOMA_OF_THE_PANCREAS","Procedure:_dynamic_contrast-enhanced_magnetic_resonance_imaging;Other:_pharmacological_study;Biological:_tumor-homing_peptide_iRGD"],["ACINAR_CELL_ADENOCARCINOMA_OF_THE_PANCREAS","Drug:_oxaliplatin;Drug:_irinotecan_hydrochloride;Drug:_leucovorin_calcium;Drug:_fluorouracil;Other:_laboratory_biomarker_analysis"],["ACQUIRED_IMMUNE_DEFICIENCY_SYNDROME_VIRUS","Other:_MI-based_HIV_Risk_Reduction"],["ACQUIRED_IMMUNODEFICIENCY_SYNDROME","Drug:_PCLUS_3-18_MN;Drug:_PCLUS_6.1_MN"],["ACQUIRED_IMMUNODEFICIENCY_SYNDROME","Drug:_zidovudine;Drug:_2,3-dideoxyinosine"],["ACQUIRED_IMMUNODEFICIENCY_SYNDROME","Drug:_Alpha_Lipoic_Acid"],["ACQUIRED_IMMUNODEFICIENCY_SYNDROME","Drug:_Interleukin-2-Zidovudine_(AZT)"],["ACQUIRED_IMMUNODEFICIENCY_SYNDROME","Procedure:_White_blood_cell_infusion"],["ACQUIRED_IMMUNODEFICIENCY_SYNDROME","Drug:_Genetically_Marked_Syngeneic_T_Lymphocytes"],["ACQUIRED_IMMUNODEFICIENCY_SYNDROME","Behavioral:_DVD_Intervention"],["ACQUIRED_IMMUNODEFICIENCY_SYNDROME","Drug:_Interleukin-2"],["ACQUIRED_IMMUNODEFICIENCY_SYNDROME","Drug:_indinavir_(MK-0639)"],["ACQUIRED_IMMUNODEFICIENCY_SYNDROME","Drug:_Syngeneic_Lymphocytes_(CD4+)_Cultured_with_OKT3_(Ortho)_and_Interleukin-2_(Chiro"],["ACQUIRED_IMMUNODEFICIENCY_SYNDROME","Behavioral:_Couples_HIV_counseling_and_testing;Behavioral:_Womens_relationship-focused_HIV_counseling_and_testing"],["ACQUIRED_IMMUNODEFICIENCY_SYNDROME","Drug:_fluconazole"],["ACQUIRED_IMMUNODEFICIENCY_SYNDROME","Behavioral:_Computer-based_Intervention"],["ACQUIRED_IMMUNODEFICIENCY_SYNDROME","Drug:_Amprenavir;Drug:_Ritonavir;Drug:_Abacavir;Drug:_Lamivudine"],["ACQUIRED_IMMUNODEFICIENCY_SYNDROME","Drug:_Interleukin-12"],["ACQUIRED_IMMUNODEFICIENCY_SYNDROME","Procedure:_Reiki-_Subtle_energy_therapy"],["ACQUIRED_IMMUNODEFICIENCY_SYNDROME","Drug:_Voriconazole;Drug:_Amphotericin_B"],["ACQUIRED_IMMUNODEFICIENCY_SYNDROME","Behavioral:_Structured_Ecosystems_Therapy_(SET);Behavioral:_Individually_tailored_intervention"],["ACQUIRED_IMMUNODEFICIENCY_SYNDROME","Behavioral:_MedCHEC_Tablet_Computer_&_Adherence_Care"],["ACQUIRED_IMMUNODEFICIENCY_SYNDROME","Biological:_APL_400-003"],["ACQUIRED_IMMUNODEFICIENCY_SYNDROME","Drug:_IL-2_plus_Anti-TNF_or_Thalidomide"],["ACQUIRED_IMMUNODEFICIENCY_SYNDROME","Behavioral:_Motivational_interviewing_with_cognitive_behavioral_therapy;Behavioral:_Modified_directly_observed_therapy"],["ACQUIRED_IMMUNODEFICIENCY_SYNDROME","Drug:_Thalidomide"],["ACQUIRED_IMMUNODEFICIENCY_SYNDROME","Procedure:_Massage_Therapy"],["ACQUIRED_IMMUNODEFICIENCY_SYNDROMES","Biological:_CD34_Stem_Cell_Selection_Therapy"],["ACTIVATING_RAS_MUTATION","Other:_Laboratory_Biomarker_Analysis;Other:_Pharmacological_Study;Drug:_Trametinib"],["ACUTE_BIPHENOTYPIC_LEUKEMIA","Biological:_Platelet_Transfusion"],["ACUTE_BIPHENOTYPIC_LEUKEMIA","Procedure:_Allogeneic_Hematopoietic_Stem_Cell_Transplantation;Drug:_Cyclophosphamide;Drug:_Fludarabine_Phosphate;Other:_Laboratory_Biomarker_Analysis;Drug:_Methotrexate;Drug:_Mycophenolate_Mofetil;Procedure:_Peripheral_Blood_Stem_Cell_Transplantation;Drug:_Tacrolimus;Drug:_Thiotepa;Radiation:_Total-Body_Irradiation"],["ACUTE_BIPHENOTYPIC_LEUKEMIA","Other:_Laboratory_Biomarker_Analysis;Drug:_Liposomal_Cytarabine-Daunorubicin_CPX-351"],["ACUTE_BIPHENOTYPIC_LEUKEMIA","Drug:_Cyclophosphamide;Drug:_Cyclosporine;Procedure:_Double-Unit_Umbilical_Cord_Blood_Transplantation;Drug:_Fludarabine_Phosphate;Other:_Laboratory_Biomarker_Analysis;Drug:_Mycophenolate_Mofetil;Radiation:_Total-Body_Irradiation;Procedure:_Umbilical_Cord_Blood_Transplantation"],["ACUTE_BIPHENOTYPIC_LEUKEMIA","Drug:_tacrolimus;Drug:_methotrexate;Drug:_Mycophenolate_mofetil;Drug:_Methotrexate_(low_dose)"],["ACUTE_BIPHENOTYPIC_LEUKEMIA","Drug:_Cyclophosphamide;Drug:_Fludarabine;Other:_Laboratory_Biomarker_Analysis;Drug:_Thiotepa;Radiation:_Total-Body_Irradiation;Biological:_Umbilical_Cord_Blood-derived_Hematopoietic_CD34-positive_Progenitor_Cells;Procedure:_Umbilical_Cord_Blood_Transplantation"],["ACUTE_BIPHENOTYPIC_LEUKEMIA","Drug:_Cladribine;Drug:_Cytarabine;Biological:_Filgrastim;Other:_Laboratory_Biomarker_Analysis;Drug:_Mitoxantrone_Hydrochloride;Other:_Quality-of-Life_Assessment;Drug:_Sorafenib_Tosylate"],["ACUTE_BIPHENOTYPIC_LEUKEMIA","Drug:_Cyclosporine;Drug:_Fludarabine_Phosphate;Other:_Laboratory_Biomarker_Analysis;Drug:_Mycophenolate_Mofetil;Radiation:_Total-Body_Irradiation;Drug:_Treosulfan;Procedure:_Umbilical_Cord_Blood_Transplantation"],["ACUTE_BIPHENOTYPIC_LEUKEMIA","Procedure:_Allogeneic_Hematopoietic_Stem_Cell_Transplantation;Drug:_Fludarabine_Phosphate;Other:_Laboratory_Biomarker_Analysis;Drug:_Methotrexate;Procedure:_Peripheral_Blood_Stem_Cell_Transplantation;Biological:_T_Cell-Depleted_Hematopoietic_Stem_Cell_Transplantation;Drug:_Tacrolimus;Drug:_Thiotepa;Radiation:_Total-Body_Irradiation"],["ACUTE_BIPHENOTYPIC_LEUKEMIA","Drug:_Cladribine;Drug:_Cytarabine;Biological:_Filgrastim;Other:_Laboratory_Biomarker_Analysis;Drug:_Mitoxantrone_Hydrochloride"],["ACUTE_BIPHENOTYPIC_LEUKEMIA","Drug:_Cyclophosphamide;Drug:_Cyclosporine;Procedure:_Double-Unit_Umbilical_Cord_Blood_Transplantation;Procedure:_Ex_Vivo-Expanded_Cord_Blood_Progenitor_Cell_Infusion;Drug:_Fludarabine_Phosphate;Other:_Laboratory_Biomarker_Analysis;Drug:_Mycophenolate_Mofetil;Drug:_Thiotepa;Radiation:_Total-Body_Irradiation;Procedure:_Umbilical_Cord_Blood_Transplantation"],["ACUTE_BIPHENOTYPIC_LEUKEMIA","Drug:_Cyclophosphamide;Biological:_Filgrastim;Drug:_Fludarabine_Phosphate;Procedure:_Laboratory_Biomarker_Analysis;Drug:_Mycophenolate_Mofetil;Procedure:_Nonmyeloablative_Allogeneic_Hematopoietic_Stem_Cell_Transplantation;Procedure:_Peripheral_Blood_Stem_Cell_Transplantation;Drug:_Tacrolimus;Radiation:_Total-Body_Irradiation"],["ACUTE_ERYTHROID_LEUKEMIA","Drug:_Azacitidine;Other:_Laboratory_Biomarker_Analysis;Other:_Pharmacological_Study;Drug:_Vorinostat"],["ACUTE_ERYTHROID_LEUKEMIA","Drug:_Cyclophosphamide;Drug:_Cyclosporine;Procedure:_Double-Unit_Umbilical_Cord_Blood_Transplantation;Procedure:_Ex_Vivo-Expanded_Cord_Blood_Progenitor_Cell_Infusion;Drug:_Fludarabine_Phosphate;Other:_Laboratory_Biomarker_Analysis;Drug:_Mycophenolate_Mofetil;Drug:_Thiotepa;Radiation:_Total-Body_Irradiation;Procedure:_Umbilical_Cord_Blood_Transplantation"],["ACUTE_ERYTHROID_LEUKEMIA_IN_REMISSION","Drug:_Cyclophosphamide;Biological:_Filgrastim;Drug:_Fludarabine_Phosphate;Procedure:_Laboratory_Biomarker_Analysis;Drug:_Mycophenolate_Mofetil;Procedure:_Nonmyeloablative_Allogeneic_Hematopoietic_Stem_Cell_Transplantation;Procedure:_Peripheral_Blood_Stem_Cell_Transplantation;Drug:_Tacrolimus;Radiation:_Total-Body_Irradiation"],["ACUTE_LEUKEMIA","Drug:_Busulfan;Drug:_Cyclophosphamide;Drug:_Fludarabine_Phosphate;Procedure:_Hematopoietic_Cell_Transplantation;Other:_Laboratory_Biomarker_Analysis;Drug:_Melphalan_Hydrochloride;Drug:_Mycophenolate_Mofetil;Procedure:_Peripheral_Blood_Stem_Cell_Transplantation;Other:_Quality-of-Life_Assessment;Drug:_Tacrolimus;Radiation:_Total-Body_Irradiation"],["ACUTE_LEUKEMIAS_OF_AMBIGUOUS_LINEAGE","Drug:_dexrazoxane_hydrochloride;Drug:_doxorubicin_hydrochloride;Drug:_obatoclax_mesylate;Drug:_liposomal_vincristine_sulfate;Other:_pharmacological_study;Other:_laboratory_biomarker_analysis"],["ACUTE_LEUKEMIA_IN_REMISSION","Drug:_Cyclophosphamide;Biological:_Filgrastim;Drug:_Fludarabine_Phosphate;Procedure:_Laboratory_Biomarker_Analysis;Drug:_Mycophenolate_Mofetil;Procedure:_Nonmyeloablative_Allogeneic_Hematopoietic_Stem_Cell_Transplantation;Procedure:_Peripheral_Blood_Stem_Cell_Transplantation;Drug:_Tacrolimus;Radiation:_Total-Body_Irradiation"],["ACUTE_LEUKEMIA_IN_REMISSION","Drug:_Cyclophosphamide;Drug:_Fludarabine_Phosphate;Other:_Laboratory_Biomarker_Analysis;Procedure:_Peripheral_Blood_Stem_Cell_Transplantation;Radiation:_Total-Body_Irradiation"],["ACUTE_LEUKEMIA_OF_AMBIGUOUS_LINEAGE","Drug:_Cladribine;Drug:_Cytarabine;Biological:_Granulocyte_Colony-Stimulating_Factor;Drug:_Mitoxantrone_Hydrochloride;Other:_Quality-of-Life_Assessment;Other:_Questionnaire_Administration"],["ACUTE_LEUKEMIA_OF_AMBIGUOUS_LINEAGE","Procedure:_Allogeneic_Hematopoietic_Stem_Cell_Transplantation;Drug:_Fludarabine_Phosphate;Other:_Laboratory_Biomarker_Analysis;Drug:_Methotrexate;Procedure:_Peripheral_Blood_Stem_Cell_Transplantation;Biological:_T_Cell-Depleted_Hematopoietic_Stem_Cell_Transplantation;Drug:_Tacrolimus;Drug:_Thiotepa;Radiation:_Total-Body_Irradiation"],["ACUTE_LEUKEMIA_OF_AMBIGUOUS_LINEAGE","Other:_Chemosensitivity_Assay;Other:_Cytology_Specimen_Collection_Procedure;Genetic:_Gene_Expression_Analysis;Genetic:_Genetic_Variation_Analysis;Drug:_In_Vitro_Sensitivity-Directed_Chemotherapy"],["ACUTE_LEUKEMIA_OF_AMBIGUOUS_LINEAGE","Procedure:_Allogeneic_Hematopoietic_Stem_Cell_Transplantation;Drug:_Cyclophosphamide;Drug:_Fludarabine_Phosphate;Other:_Laboratory_Biomarker_Analysis;Drug:_Methotrexate;Drug:_Mycophenolate_Mofetil;Procedure:_Peripheral_Blood_Stem_Cell_Transplantation;Drug:_Tacrolimus;Drug:_Thiotepa;Radiation:_Total-Body_Irradiation"],["ACUTE_LEUKEMIA_OF_AMBIGUOUS_LINEAGE","Drug:_Cytarabine;Procedure:_Ex_Vivo-Expanded_Cord_Blood_Progenitor_Cell_Infusion;Biological:_Filgrastim;Drug:_Fludarabine_Phosphate"],["ACUTE_LIVER_FAILURE","Drug:_HBIG,_Epivir,_Hepsera"],["ACUTE_LYMPHOBLASTIC_LEUKEMIA","Biological:_MVST;Biological:_MVSTr"],["ACUTE_LYMPHOBLASTIC_LEUKEMIA","Procedure:_Allogeneic_Hematopoietic_Stem_Cell_Transplantation;Biological:_Irradiated_Allogeneic_Cells"],["ACUTE_LYMPHOBLASTIC_LEUKEMIA","Procedure:_Allogeneic_Hematopoietic_Stem_Cell_Transplantation;Drug:_Cyclophosphamide;Drug:_Cyclosporine;Drug:_Fludarabine_Phosphate;Other:_Laboratory_Biomarker_Analysis;Drug:_Mycophenolate_Mofetil;Radiation:_Total-Body_Irradiation;Procedure:_Umbilical_Cord_Blood_Transplantation"],["ACUTE_LYMPHOBLASTIC_LEUKEMIA","Biological:_Platelet_Transfusion"],["ACUTE_LYMPHOBLASTIC_LEUKEMIA","Procedure:_Allogeneic_Bone_Marrow_Transplantation;Drug:_Cyclophosphamide;Drug:_Fludarabine_Phosphate;Other:_Laboratory_Biomarker_Analysis;Drug:_Mycophenolate_Mofetil;Biological:_Natural_Killer_Cell_Therapy;Drug:_Tacrolimus;Radiation:_Total-Body_Irradiation"],["ACUTE_LYMPHOBLASTIC_LEUKEMIA","Drug:_anti-thymocyte_globulin;Drug:_busulfan;Drug:_cyclophosphamide;Drug:_cyclosporine;Drug:_filgrastim;Drug:_melphalan;Drug:_methylprednisolone;Drug:_mycophenolate_mofetil;Procedure:_radiation_therapy;Procedure:_umbilical_cord_blood_transplantation"],["ACUTE_LYMPHOBLASTIC_LEUKEMIA","Procedure:_Allogeneic_Hematopoietic_Stem_Cell_Transplantation;Drug:_Cyclophosphamide;Drug:_Cyclosporine;Drug:_Mycophenolate_Mofetil;Drug:_Sirolimus"],["ACUTE_LYMPHOBLASTIC_LEUKEMIA","Other:_Laboratory_Biomarker_Analysis;Other:_Pharmacological_Study;Drug:_Temozolomide;Drug:_Veliparib"],["ACUTE_LYMPHOBLASTIC_LEUKEMIA","Procedure:_Allogeneic_Hematopoietic_Stem_Cell_Transplantation;Drug:_Cyclosporine;Drug:_Fludarabine_Phosphate;Drug:_Mycophenolate_Mofetil;Procedure:_Peripheral_Blood_Stem_Cell_Transplantation;Drug:_Sirolimus;Radiation:_Total-Body_Irradiation"],["ACUTE_LYMPHOBLASTIC_LEUKEMIA","Device:_Miltenyi_reagent_system;Drug:_Fludarabine;Drug:_Cyclosporine;Drug:_Cyclophosphamide"],["ACUTE_LYMPHOBLASTIC_LEUKEMIA","Drug:_Ibrutinib;Other:_Laboratory_Biomarker_Analysis"],["ACUTE_LYMPHOBLASTIC_LEUKEMIA","Drug:_tacrolimus;Drug:_methotrexate;Drug:_Mycophenolate_mofetil;Drug:_Methotrexate_(low_dose)"],["ACUTE_LYMPHOBLASTIC_LEUKEMIA","Drug:_cyclophosphamide;Drug:_fludarabine_phosphate;Radiation:_total-body_irradiation;Drug:_cyclosporine;Drug:_mycophenolate_mofetil;Procedure:_umbilical_cord_blood_transplantation;Procedure:_mesenchymal_stem_cell_transplantation"],["ACUTE_LYMPHOBLASTIC_LEUKEMIA","Procedure:_Stem_Cell_Transplantation"],["ACUTE_LYMPHOBLASTIC_LEUKEMIA","Drug:_Cyclophosphamide;Drug:_Fludarabine_Phosphate;Other:_Laboratory_Biomarker_Analysis;Procedure:_Peripheral_Blood_Stem_Cell_Transplantation;Radiation:_Total-Body_Irradiation"],["ACUTE_LYMPHOBLASTIC_LEUKEMIA","Drug:_Cyclosporine;Drug:_Mycophenolate_Mofetil;Drug:_Pentostatin;Biological:_Therapeutic_Allogeneic_Lymphocytes"],["ACUTE_LYMPHOBLASTIC_LEUKEMIA_(ALL)","Device:_CliniMACS_CD34_selection_system;Biological:_ULD_IL-2"],["ACUTE_LYMPHOBLASTIC_LEUKEMIA_(ALL)","Device:_CliniMACS_CD34+_Reagent_System;Drug:_Thiotepa;Drug:_Cyclophosphamide;Drug:_Alemtuzumab;Drug:_Tacrolimus;Drug:_Melphalan;Drug:_Busulfan;Drug:_Fludarabine;Drug:_Methylprednisolone"],["ACUTE_LYMPHOBLASTIC_LEUKEMIA_IN_REMISSION","Biological:_Multi-peptide_CMV-Modified_Vaccinia_Ankara_Vaccine;Other:_Laboratory_Biomarker_Analysis;Other:_Placebo"],["ACUTE_LYMPHOBLASTIC_LEUKEMIA_IN_REMISSION","Other:_Laboratory_Biomarker_Analysis;Biological:_Multi-peptide_CMV-Modified_Vaccinia_Ankara_Vaccine;Other:_Placebo"],["ACUTE_LYMPHOBLASTIC_LEUKEMIA_IN_REMISSION","Procedure:_Total-Body_Irradiation;Drug:_Fludarabine_Phosphate;Drug:_Mycophenolate_Mofetil;Drug:_Cyclosporine;Procedure:_Peripheral_Blood_Stem_Cell_Transplantation"],["ACUTE_LYMPHOBLASTIC_LEUKEMIA_IN_REMISSION","Drug:_Cyclophosphamide;Drug:_Fludarabine;Other:_Laboratory_Biomarker_Analysis;Drug:_Thiotepa;Radiation:_Total-Body_Irradiation;Biological:_Umbilical_Cord_Blood-derived_Hematopoietic_CD34-positive_Progenitor_Cells;Procedure:_Umbilical_Cord_Blood_Transplantation"],["ACUTE_LYMPHOBLASTIC_LEUKEMIA_IN_REMISSION","Drug:_Cyclosporine;Drug:_Fludarabine_Phosphate;Other:_Laboratory_Biomarker_Analysis;Drug:_Mycophenolate_Mofetil;Procedure:_Peripheral_Blood_Stem_Cell_Transplantation;Other:_Pharmacological_Study;Radiation:_Pretargeted_Radioimmunotherapy;Drug:_Sirolimus;Radiation:_Total-Body_Irradiation"],["ACUTE_LYMPHOBLASTIC_LEUKEMIA_IN_REMISSION","Drug:_Cyclophosphamide;Drug:_Cyclosporine;Procedure:_Double-Unit_Umbilical_Cord_Blood_Transplantation;Procedure:_Ex_Vivo-Expanded_Cord_Blood_Progenitor_Cell_Infusion;Drug:_Fludarabine_Phosphate;Other:_Laboratory_Biomarker_Analysis;Drug:_Mycophenolate_Mofetil;Drug:_Thiotepa;Radiation:_Total-Body_Irradiation;Procedure:_Umbilical_Cord_Blood_Transplantation"],["ACUTE_LYMPHOCYTIC_LEUKEMIA","Drug:_bortezomib;Drug:_belinostat;Other:_laboratory_biomarker_analysis;Genetic:_western_blotting;Other:_pharmacological_study;Other:_flow_cytometry"],["ACUTE_LYMPHOCYTIC_LEUKEMIA","Drug:_Inotuzumab_Ozogamicin"],["ACUTE_LYMPHOCYTIC_LEUKEMIA","Device:_Isolex_300i_Stem_Cell_Selection"],["ACUTE_LYMPHOCYTIC_LEUKEMIA","Radiation:_total_marrow_irradiation;Drug:_fludarabine_phosphate;Drug:_busulfan;Procedure:_myeloid_progenitor_cell_transplantation;Biological:_anti-thymocyte_globulin;Drug:_tacrolimus;Drug:_methotrexate;Other:_laboratory_biomarker_analysis"],["ACUTE_LYMPHOCYTIC_LEUKEMIA","Drug:_Fludarabine;Drug:_Thiotepa;Radiation:_Total_Body_Irradiation;Drug:_Melphalan;Biological:_Stem_Cell_Transplant_(SCT);Procedure:_Anergized_Cell_Infusion"],["ACUTE_LYMPHOCYTIC_LEUKEMIA","Device:_Miltenyi_system"],["ACUTE_LYMPHOCYTIC_LEUKEMIA","Procedure:_Allogeneic_HSC_Transplantation;Drug:_Lupron;Drug:_18F_FLT;Drug:_Cyclophosphamide;Drug:_Methotrexate;Drug:_Tacrolimus;Radiation:_Total_Body_Irradiation;Drug:_Busulfan;Drug:_Fludarabine;Other:_No_intervention"],["ACUTE_LYMPHOID_LEUKEMIA","Drug:_Sitagliptin"],["ACUTE_MEGAKARYOBLASTIC_LEUKEMIA","Drug:_Azacitidine;Other:_Laboratory_Biomarker_Analysis;Other:_Pharmacological_Study;Drug:_Vorinostat"],["ACUTE_MEGAKARYOBLASTIC_LEUKEMIA","Drug:_Alisertib;Other:_Laboratory_Biomarker_Analysis;Other:_Pharmacological_Study"],["ACUTE_MEGAKARYOBLASTIC_LEUKEMIA","Drug:_Cyclophosphamide;Drug:_Cyclosporine;Procedure:_Double-Unit_Umbilical_Cord_Blood_Transplantation;Procedure:_Ex_Vivo-Expanded_Cord_Blood_Progenitor_Cell_Infusion;Drug:_Fludarabine_Phosphate;Other:_Laboratory_Biomarker_Analysis;Drug:_Mycophenolate_Mofetil;Drug:_Thiotepa;Radiation:_Total-Body_Irradiation;Procedure:_Umbilical_Cord_Blood_Transplantation"],["ACUTE_MEGAKARYOBLASTIC_LEUKEMIA","Drug:_Cyclophosphamide;Biological:_Filgrastim;Drug:_Fludarabine_Phosphate;Procedure:_Laboratory_Biomarker_Analysis;Drug:_Mycophenolate_Mofetil;Procedure:_Nonmyeloablative_Allogeneic_Hematopoietic_Stem_Cell_Transplantation;Procedure:_Peripheral_Blood_Stem_Cell_Transplantation;Drug:_Tacrolimus;Radiation:_Total-Body_Irradiation"],["ACUTE_MYELOCYTIC_LEUKEMIA","Device:_Isolex_300i_Stem_Cell_Selection"],["ACUTE_MYELOGENOUS_LEUKEMIA","Biological:_Dendritic_Cell_Activated_Lymphocyte"],["ACUTE_MYELOGENOUS_LEUKEMIA","Drug:_cyclophosphamide;Drug:_fludarabine_phosphate;Radiation:_total-body_irradiation;Drug:_cyclosporine;Drug:_mycophenolate_mofetil;Procedure:_umbilical_cord_blood_transplantation;Procedure:_mesenchymal_stem_cell_transplantation"],["ACUTE_MYELOGENOUS_LEUKEMIA","Drug:_Velcade;Drug:_Idarubicin"],["ACUTE_MYELOGENOUS_LEUKEMIA","Device:_Miltenyi_reagent_system;Drug:_Fludarabine;Drug:_Cyclosporine;Drug:_Cyclophosphamide"],["ACUTE_MYELOGENOUS_LEUKEMIA","Drug:_Cediranib,_AZD2171,_RECENTIN"],["ACUTE_MYELOGENOUS_LEUKEMIA","Drug:_Fludarabine;Drug:_Thiotepa;Radiation:_Total_Body_Irradiation;Drug:_Melphalan;Biological:_Stem_Cell_Transplant_(SCT);Procedure:_Anergized_Cell_Infusion"],["ACUTE_MYELOGENOUS_LEUKEMIA","Drug:_micafungin;Drug:_posaconazole"],["ACUTE_MYELOGENOUS_LEUKEMIA","Biological:_KIR_genotype;Biological:_Unrelated_donor_transplant"],["ACUTE_MYELOGENOUS_LEUKEMIA","Drug:_G-CSF;Drug:_Plerixafor;Drug:_Sorafenib"],["ACUTE_MYELOGENOUS_LEUKEMIA","Procedure:_Allogeneic_HSC_Transplantation;Drug:_Lupron;Drug:_18F_FLT;Drug:_Cyclophosphamide;Drug:_Methotrexate;Drug:_Tacrolimus;Radiation:_Total_Body_Irradiation;Drug:_Busulfan;Drug:_Fludarabine;Other:_No_intervention"],["ACUTE_MYELOGENOUS_LEUKEMIA","Biological:_DC_AML_Vaccine"],["ACUTE_MYELOGENOUS_LEUKEMIA_(AML)","Device:_CliniMACS_CD34_selection_system;Biological:_ULD_IL-2"],["ACUTE_MYELOGENOUS_LEUKEMIA_(AML)","Device:_CliniMACS_CD34+_Reagent_System;Drug:_Thiotepa;Drug:_Cyclophosphamide;Drug:_Alemtuzumab;Drug:_Tacrolimus;Drug:_Melphalan;Drug:_Busulfan;Drug:_Fludarabine;Drug:_Methylprednisolone"],["ACUTE_MYELOID_LEUKEMIA","Drug:_Lintuzumab_AC_225;Drug:_Cladribine;Drug:_Cytarabine;Drug:_Mitoxantrone;Drug:_G-csf"],["ACUTE_MYELOID_LEUKEMIA","Other:_Electronic_Decision_Aid_Tool"],["ACUTE_MYELOID_LEUKEMIA_IN_REMISSION","Biological:_Multi-peptide_CMV-Modified_Vaccinia_Ankara_Vaccine;Other:_Laboratory_Biomarker_Analysis;Other:_Placebo"],["ACUTE_PAIN","Drug:_Minocycline_Hydrochloride;Other:_Placebo;Other:_Quality-of-Life_Assessment;Other:_Questionnaire_Administration"],["ACUTE_UNDIFFERENTIATED_LEUKEMIA","Drug:_dexrazoxane_hydrochloride;Drug:_doxorubicin_hydrochloride;Drug:_obatoclax_mesylate;Drug:_liposomal_vincristine_sulfate;Other:_pharmacological_study;Other:_laboratory_biomarker_analysis"],["ACUTE_UNDIFFERENTIATED_LEUKEMIA","Drug:_allopurinol;Drug:_cyclophosphamide;Drug:_daunorubicin_hydrochloride;Drug:_vincristine_sulfate;Drug:_dexamethasone;Drug:_asparaginase;Biological:_filgrastim;Drug:_imatinib_mesylate;Drug:_methotrexate;Drug:_cytarabine;Drug:_trimethoprim-sulfamethoxazole;Drug:_mercaptopurine;Drug:_leucovorin_calcium;Biological:_alemtuzumab;Drug:_acyclovir;Other:_laboratory_biomarker_analysis;Other:_pharmacological_study"],["ACUTE_UNDIFFERENTIATED_LEUKEMIA","Drug:_GTI-2040;Procedure:_pharmacological_study;Procedure:_laboratory_biomarker_analysis"],["ACUTE_UNDIFFERENTIATED_LEUKEMIA","Procedure:_bioelectric_impedance_analysis"],["ACUTE_UNDIFFERENTIATED_LEUKEMIA","Drug:_tanespimycin"],["ACUTE_UNDIFFERENTIATED_LEUKEMIA","Drug:_Cyclophosphamide;Biological:_Filgrastim;Drug:_Fludarabine_Phosphate;Procedure:_Laboratory_Biomarker_Analysis;Drug:_Mycophenolate_Mofetil;Procedure:_Nonmyeloablative_Allogeneic_Hematopoietic_Stem_Cell_Transplantation;Procedure:_Peripheral_Blood_Stem_Cell_Transplantation;Drug:_Tacrolimus;Radiation:_Total-Body_Irradiation"],["ACUTE_UNDIFFERENTIATED_LEUKEMIA","Procedure:_Allogeneic_Hematopoietic_Stem_Cell_Transplantation;Drug:_Fludarabine_Phosphate;Other:_Laboratory_Biomarker_Analysis;Drug:_Methotrexate;Procedure:_Peripheral_Blood_Stem_Cell_Transplantation;Biological:_T_Cell-Depleted_Hematopoietic_Stem_Cell_Transplantation;Drug:_Tacrolimus;Drug:_Thiotepa;Radiation:_Total-Body_Irradiation"],["ACUTE_UNDIFFERENTIATED_LEUKEMIA","Drug:_sunitinib_malate"],["ACUTE_UNDIFFERENTIATED_LEUKEMIA","Drug:_ispinesib;Other:_laboratory_biomarker_analysis;Other:_pharmacological_study"],["ACUTE_UNDIFFERENTIATED_LEUKEMIA","Procedure:_Allogeneic_Hematopoietic_Stem_Cell_Transplantation;Drug:_Cyclophosphamide;Drug:_Fludarabine_Phosphate;Other:_Laboratory_Biomarker_Analysis;Drug:_Methotrexate;Drug:_Mycophenolate_Mofetil;Procedure:_Peripheral_Blood_Stem_Cell_Transplantation;Drug:_Tacrolimus;Drug:_Thiotepa;Radiation:_Total-Body_Irradiation"],["ADAPTIVE_IMMUNITY","Biological:_VRC-HIVDNA016-00-VP;Biological:_VRC-HIVADV014-00-VP"],["ADENOCARCINOMA","Biological:_PANVAC-V;Biological:_PANVAC-F;Drug:_Sargramostim_(GM-CSF,_Leukine)"],["ADENOCARCINOMAS","Biological:_Autologous_Ad_HER2_dendritic_cell_vaccine"],["ADENOCARCINOMA_OF_THE_COLON","Drug:_M7824"],["ADENOCARCINOMA_OF_THE_EXTRAHEPATIC_BILE_DUCT","Drug:_bortezomib"],["ADENOCARCINOMA_OF_THE_GALLBLADDER","Drug:_oxaliplatin;Drug:_irinotecan_hydrochloride;Drug:_leucovorin_calcium;Drug:_fluorouracil;Other:_laboratory_biomarker_analysis"],["ADENOCARCINOMA_OF_THE_GALLBLADDER","Drug:_bortezomib"],["ADENOCARCINOMA_OF_THE_GALLBLADDER","Biological:_recombinant_fowlpox-CEA(6D)-TRICOM_vaccine;Biological:_sargramostim;Biological:_recombinant_fowlpox_GM-CSF_vaccine_adjuvant"],["ADENOCARCINOMA_OF_THE_GASTROESOPHAGEAL_JUNCTION","Drug:_Akt_inhibitor_MK2206;Biological:_trastuzumab;Drug:_lapatinib_ditosylate;Other:_laboratory_biomarker_analysis"],["ADENOCARCINOMA_OF_THE_PANCREAS","Drug:_veliparib;Drug:_capecitabine;Drug:_oxaliplatin;Other:_pharmacological_study;Other:_laboratory_biomarker_analysis"],["ADENOCARCINOMA_OF_THE_PANCREAS","Biological:_recombinant_fowlpox-CEA(6D)-TRICOM_vaccine;Biological:_sargramostim;Biological:_recombinant_fowlpox_GM-CSF_vaccine_adjuvant"],["ADENOCARCINOMA_OF_THE_PANCREAS","Drug:_gemcitabine_hydrochloride;Drug:_leucovorin_calcium;Drug:_fluorouracil;Drug:_nelfinavir_mesylate;Radiation:_stereotactic_body_radiation_therapy;Radiation:_hypofractionated_radiation_therapy;Procedure:_therapeutic_conventional_surgery"],["ADENOCARCINOMA_OF_THE_RECTUM","Biological:_recombinant_fowlpox-CEA(6D)-TRICOM_vaccine;Biological:_sargramostim;Biological:_recombinant_fowlpox_GM-CSF_vaccine_adjuvant"],["ADENOCARCINOMA_OF_THE_RECTUM","Drug:_M7824"],["ADENOCARCINOMA_OF_THE_STOMACH","Drug:_veliparib;Drug:_capecitabine;Drug:_oxaliplatin;Other:_pharmacological_study;Other:_laboratory_biomarker_analysis"],["ADENOCARCINOMA_OF_UNKNOWN_PRIMARY","Drug:_oxaliplatin;Drug:_irinotecan_hydrochloride;Drug:_leucovorin_calcium;Drug:_fluorouracil;Other:_laboratory_biomarker_analysis"],["ADENOID_CYSTIC_CARCINOMA","Radiation:_Proton_radiation_therapy;Radiation:_Intensity-modulated_radiotherapy"],["ADENOMA,_LIVER_CELL","Drug:_TRC_105;Drug:_Sorafenib"],["ADHERENCE","Behavioral:_CBT-AD;Behavioral:_ETAU"],["ADHERENCE","Behavioral:_Motivational_interviewing"],["ADHERENCE,_MEDICATION","Behavioral:_PARTNER;Behavioral:_Education_Intervention"],["ADHERENCE,_MEDICATION","Drug:_Emtricitabine_-_Tenofovir_Disoproxil_Oral_Tablet;Other:_DOT_Diary_mobile_app"],["ADHERENCE,_PATIENT","Behavioral:_Sisters-GPS:_Group_Clinical_Visits;Behavioral:_Control:_One-on-one_Adherence_Counseling"],["ADHERENCE,_PATIENT","Other:_PrEP_Care_Anywhere_Services"],["ADIPOSITY","Procedure:_Blood_draw;Other:_Questionnaires;Procedure:_Spirometry;Procedure:_Methacholine_challenge_test;Radiation:_Quantitative_CT_scans;Procedure:_Urine_pregnancy_test;Procedure:_Adipose_biopsy;Procedure:_Exhaled_nitric_oxide_measurement"],["ADOLESCENT","Biological:_Gardisil;Behavioral:_Survey"],["ADOLESCENT_BEHAVIOR","Behavioral:_SEXUAL_RISK_REDUCTION_+_ALCOHOL_RISK_REDUCTION;Behavioral:_INFORMATION-ONLY_SEXUAL_RISK_REDUCTION"],["ADOLESCENT_BEHAVIOR","Device:_MyT1DHero"],["ADOLESCENT_BEHAVIOR","Behavioral:_MBSR_Program;Behavioral:_HT_Program"],["ADOLESCENT_BEHAVIOR","Behavioral:_Peer_mentoring_program"],["ADOLESCENT_DEVELOPMENT","Behavioral:_MBSR_Program;Behavioral:_HT_Program"],["ADRENAL_CANCER","Drug:_FPAC"],["ADRENOCORTICAL_CARCINOMA","Biological:_colloidal_gold-bound_tumor_necrosis_factor;Other:_electron_microscopy;Other:_pharmacological_study;Procedure:_conventional_surgery"],["ADRENOCORTICAL_CARCINOMA","Drug:_doxorubicin_hydrochloride;Drug:_suramin"],["ADULT_ACUTE_BASOPHILIC_LEUKEMIA","Drug:_tanespimycin;Drug:_bortezomib"],["ADULT_ACUTE_BASOPHILIC_LEUKEMIA","Drug:_eltrombopag_olamine"],["ADULT_ACUTE_BASOPHILIC_LEUKEMIA","Drug:_Sorafenib_Tosylate"],["ADULT_ACUTE_BASOPHILIC_LEUKEMIA","Drug:_sorafenib_tosylate;Other:_pharmacological_study;Other:_laboratory_biomarker_analysis"],["ADULT_ACUTE_BASOPHILIC_LEUKEMIA","Drug:_alvocidib;Drug:_cytarabine;Drug:_mitoxantrone_hydrochloride"],["ADULT_ACUTE_BASOPHILIC_LEUKEMIA","Drug:_tanespimycin;Drug:_cytarabine"],["ADULT_ACUTE_BASOPHILIC_LEUKEMIA","Drug:_R(+)XK469;Other:_pharmacological_study;Other:_laboratory_biomarker_analysis"],["ADULT_ACUTE_BASOPHILIC_LEUKEMIA","Drug:_cytarabine;Drug:_idarubicin;Drug:_tipifarnib"],["ADULT_ACUTE_BASOPHILIC_LEUKEMIA","Drug:_tipifarnib;Other:_laboratory_biomarker_analysis"],["ADULT_ACUTE_BASOPHILIC_LEUKEMIA","Drug:_entinostat;Drug:_sorafenib_tosylate;Other:_pharmacological_study;Other:_laboratory_biomarker_analysis"],["ADULT_ACUTE_BASOPHILIC_LEUKEMIA","Drug:_cytarabine;Drug:_daunorubicin_hydrochloride;Drug:_etoposide;Drug:_valspodar;Biological:_filgrastim;Drug:_busulfan;Procedure:_autologous_hematopoietic_stem_cell_transplantation;Procedure:_peripheral_blood_stem_cell_transplantation;Biological:_aldesleukin;Other:_clinical_observation;Other:_pharmacological_study"],["ADULT_ACUTE_BASOPHILIC_LEUKEMIA","Drug:_cilengitide"],["ADULT_ACUTE_BASOPHILIC_LEUKEMIA","Drug:_alvocidib;Drug:_mitoxantrone_hydrochloride;Drug:_cytarabine;Other:_pharmacological_study;Other:_laboratory_biomarker_analysis"],["ADULT_ACUTE_BASOPHILIC_LEUKEMIA","Drug:_idarubicin;Drug:_cytarabine;Biological:_bevacizumab;Other:_laboratory_biomarker_analysis"],["ADULT_ACUTE_BASOPHILIC_LEUKEMIA","Drug:_vorinostat;Drug:_cytarabine;Drug:_etoposide;Other:_pharmacological_study;Other:_laboratory_biomarker_analysis"],["ADULT_ACUTE_BASOPHILIC_LEUKEMIA","Drug:_alvocidib"],["ADULT_ACUTE_BASOPHILIC_LEUKEMIA","Drug:_Bortezomib;Other:_Laboratory_Biomarker_Analysis;Drug:_Tipifarnib"],["ADULT_ACUTE_BASOPHILIC_LEUKEMIA","Drug:_Cytarabine;Drug:_Daunorubicin_Hydrochloride;Drug:_Decitabine;Other:_Laboratory_Biomarker_Analysis;Other:_Pharmacological_Study"],["ADULT_ACUTE_EOSINOPHILIC_LEUKEMIA","Drug:_tanespimycin;Drug:_cytarabine"],["ADULT_ACUTE_EOSINOPHILIC_LEUKEMIA","Drug:_tipifarnib;Other:_laboratory_biomarker_analysis"],["ADULT_ACUTE_EOSINOPHILIC_LEUKEMIA","Drug:_alvocidib"],["ADULT_ACUTE_EOSINOPHILIC_LEUKEMIA","Drug:_alvocidib;Drug:_mitoxantrone_hydrochloride;Drug:_cytarabine;Other:_pharmacological_study;Other:_laboratory_biomarker_analysis"],["ADULT_ACUTE_EOSINOPHILIC_LEUKEMIA","Drug:_cytarabine;Drug:_idarubicin;Drug:_tipifarnib"],["ADULT_ACUTE_EOSINOPHILIC_LEUKEMIA","Drug:_cytarabine;Drug:_daunorubicin_hydrochloride;Drug:_etoposide;Drug:_valspodar;Biological:_filgrastim;Drug:_busulfan;Procedure:_autologous_hematopoietic_stem_cell_transplantation;Procedure:_peripheral_blood_stem_cell_transplantation;Biological:_aldesleukin;Other:_clinical_observation;Other:_pharmacological_study"],["ADULT_ACUTE_EOSINOPHILIC_LEUKEMIA","Drug:_idarubicin;Drug:_cytarabine;Biological:_bevacizumab;Other:_laboratory_biomarker_analysis"],["ADULT_ACUTE_EOSINOPHILIC_LEUKEMIA","Drug:_eltrombopag_olamine"],["ADULT_ACUTE_EOSINOPHILIC_LEUKEMIA","Drug:_R(+)XK469;Other:_pharmacological_study;Other:_laboratory_biomarker_analysis"],["ADULT_ACUTE_EOSINOPHILIC_LEUKEMIA","Drug:_Sorafenib_Tosylate"],["ADULT_ACUTE_EOSINOPHILIC_LEUKEMIA","Drug:_sorafenib_tosylate;Other:_pharmacological_study;Other:_laboratory_biomarker_analysis"],["ADULT_ACUTE_EOSINOPHILIC_LEUKEMIA","Drug:_alvocidib;Drug:_cytarabine;Drug:_mitoxantrone_hydrochloride"],["ADULT_ACUTE_EOSINOPHILIC_LEUKEMIA","Drug:_tanespimycin;Drug:_bortezomib"],["ADULT_ACUTE_EOSINOPHILIC_LEUKEMIA","Drug:_Bortezomib;Other:_Laboratory_Biomarker_Analysis;Drug:_Tipifarnib"],["ADULT_ACUTE_EOSINOPHILIC_LEUKEMIA","Drug:_entinostat;Drug:_sorafenib_tosylate;Other:_pharmacological_study;Other:_laboratory_biomarker_analysis"],["ADULT_ACUTE_EOSINOPHILIC_LEUKEMIA","Drug:_vorinostat;Drug:_cytarabine;Drug:_etoposide;Other:_pharmacological_study;Other:_laboratory_biomarker_analysis"],["ADULT_ACUTE_EOSINOPHILIC_LEUKEMIA","Drug:_cilengitide"],["ADULT_ACUTE_ERYTHROID_LEUKEMIA_(M6)","Drug:_tipifarnib;Other:_pharmacological_study;Other:_laboratory_biomarker_analysis"],["ADULT_ACUTE_ERYTHROID_LEUKEMIA_(M6)","Drug:_tipifarnib;Other:_laboratory_biomarker_analysis"],["ADULT_ACUTE_ERYTHROID_LEUKEMIA_(M6)","Drug:_liposomal_cytarabine-daunorubicin_CPX-351;Other:_laboratory_biomarker_analysis"],["ADULT_ACUTE_ERYTHROID_LEUKEMIA_(M6)","Drug:_cytarabine;Drug:_daunorubicin_hydrochloride;Drug:_etoposide;Drug:_valspodar;Biological:_filgrastim;Drug:_busulfan;Procedure:_autologous_hematopoietic_stem_cell_transplantation;Procedure:_peripheral_blood_stem_cell_transplantation;Biological:_aldesleukin;Other:_clinical_observation;Other:_pharmacological_study"],["ADULT_ACUTE_ERYTHROID_LEUKEMIA_(M6)","Drug:_vorinostat"],["ADULT_ACUTE_LYMPHOBLASTIC_LEUKEMIA","Drug:_cefepime_hydrochloride"],["ADULT_ACUTE_LYMPHOBLASTIC_LEUKEMIA","Procedure:_Allogeneic_Hematopoietic_Stem_Cell_Transplantation;Drug:_Cyclosporine;Drug:_Fludarabine_Phosphate;Other:_Laboratory_Biomarker_Analysis;Drug:_Mycophenolate_Mofetil;Procedure:_Peripheral_Blood_Stem_Cell_Transplantation;Drug:_Sirolimus;Radiation:_Total-Body_Irradiation"],["ADULT_ACUTE_LYMPHOBLASTIC_LEUKEMIA_IN_COMPLETE_REMISSION","Drug:_Cyclophosphamide;Drug:_Cyclosporine;Procedure:_Double-Unit_Umbilical_Cord_Blood_Transplantation;Drug:_Fludarabine_Phosphate;Other:_Laboratory_Biomarker_Analysis;Drug:_Mycophenolate_Mofetil;Radiation:_Total-Body_Irradiation;Procedure:_Umbilical_Cord_Blood_Transplantation"],["ADULT_ACUTE_LYMPHOBLASTIC_LEUKEMIA_IN_COMPLETE_REMISSION","Procedure:_Allogeneic_Hematopoietic_Stem_Cell_Transplantation;Drug:_Cyclophosphamide;Drug:_Fludarabine_Phosphate;Other:_Laboratory_Biomarker_Analysis;Drug:_Melphalan_Hydrochloride;Drug:_Mycophenolate_Mofetil;Drug:_Tacrolimus;Radiation:_Total-Body_Irradiation"],["ADULT_ACUTE_LYMPHOBLASTIC_LEUKEMIA_IN_COMPLETE_REMISSION","Procedure:_Bone_Marrow_Transplantation;Drug:_Cyclophosphamide;Drug:_Fludarabine_Phosphate;Other:_Laboratory_Biomarker_Analysis;Drug:_Mycophenolate_Mofetil;Procedure:_Peripheral_Blood_Stem_Cell_Transplantation;Drug:_Tacrolimus;Radiation:_Total_Marrow_Irradiation"],["ADULT_ACUTE_LYMPHOBLASTIC_LEUKEMIA_IN_COMPLETE_REMISSION","Drug:_Cyclophosphamide;Biological:_Filgrastim;Drug:_Fludarabine_Phosphate;Procedure:_Laboratory_Biomarker_Analysis;Drug:_Mycophenolate_Mofetil;Procedure:_Nonmyeloablative_Allogeneic_Hematopoietic_Stem_Cell_Transplantation;Procedure:_Peripheral_Blood_Stem_Cell_Transplantation;Drug:_Tacrolimus;Radiation:_Total-Body_Irradiation"],["ADULT_ACUTE_LYMPHOBLASTIC_LEUKEMIA_IN_REMISSION","Drug:_entinostat;Drug:_sargramostim"],["ADULT_ACUTE_LYMPHOBLASTIC_LEUKEMIA_IN_REMISSION","Drug:_clofarabine;Drug:_melphalan;Procedure:_allogeneic_hematopoietic_stem_cell_transplantation;Drug:_tacrolimus;Drug:_sirolimus;Other:_Pharmacological_Study"],["ADULT_ACUTE_LYMPHOBLASTIC_LEUKEMIA_IN_REMISSION","Drug:_Cyclosporine;Drug:_Fludarabine_Phosphate;Other:_Laboratory_Biomarker_Analysis;Drug:_Mycophenolate_Mofetil;Radiation:_Total-Body_Irradiation;Drug:_Treosulfan;Procedure:_Umbilical_Cord_Blood_Transplantation"],["ADULT_ACUTE_LYMPHOBLASTIC_LEUKEMIA_IN_REMISSION","Procedure:_Allogeneic_Bone_Marrow_Transplantation;Drug:_Cyclophosphamide;Drug:_Fludarabine_Phosphate;Radiation:_Iodine_I_131_Monoclonal_Antibody_BC8;Other:_Laboratory_Biomarker_Analysis;Drug:_Mycophenolate_Mofetil;Drug:_Tacrolimus;Radiation:_Total-Body_Irradiation"],["ADULT_ACUTE_LYMPHOBLASTIC_LEUKEMIA_IN_REMISSION","Drug:_nilotinib;Drug:_imatinib_mesylate;Other:_pharmacological_study"],["ADULT_ACUTE_LYMPHOBLASTIC_LEUKEMIA_IN_REMISSION","Drug:_Cyclosporine;Drug:_Dasatinib;Drug:_Fludarabine_Phosphate;Drug:_Imatinib_Mesylate;Drug:_Mycophenolate_Mofetil;Drug:_Nilotinib;Procedure:_Nonmyeloablative_Allogeneic_Hematopoietic_Stem_Cell_Transplantation;Procedure:_Peripheral_Blood_Stem_Cell_Transplantation;Biological:_Therapeutic_Allogeneic_Lymphocytes;Radiation:_Total-Body_Irradiation"],["ADULT_ACUTE_LYMPHOBLASTIC_LEUKEMIA_IN_REMISSION","Procedure:_Allogeneic_Hematopoietic_Stem_Cell_Transplantation;Drug:_Fludarabine_Phosphate;Other:_Laboratory_Biomarker_Analysis;Drug:_Methotrexate;Procedure:_Peripheral_Blood_Stem_Cell_Transplantation;Biological:_T_Cell-Depleted_Hematopoietic_Stem_Cell_Transplantation;Drug:_Tacrolimus;Drug:_Thiotepa;Radiation:_Total-Body_Irradiation"],["ADULT_ACUTE_LYMPHOBLASTIC_LEUKEMIA_IN_REMISSION","Biological:_CMVpp65-A*0201_peptide_vaccine;Other:_Placebo;Other:_Laboratory_Biomarker_Analysis"],["ADULT_ACUTE_LYMPHOBLASTIC_LEUKEMIA_IN_REMISSION","Procedure:_Allogeneic_Hematopoietic_Stem_Cell_Transplantation;Drug:_Cyclophosphamide;Drug:_Fludarabine_Phosphate;Other:_Laboratory_Biomarker_Analysis;Drug:_Methotrexate;Drug:_Mycophenolate_Mofetil;Procedure:_Peripheral_Blood_Stem_Cell_Transplantation;Drug:_Tacrolimus;Drug:_Thiotepa;Radiation:_Total-Body_Irradiation"],["ADULT_ACUTE_LYMPHOBLASTIC_LEUKEMIA_IN_REMISSION","Drug:_treosulfan;Drug:_fludarabine_phosphate;Radiation:_total-body_irradiation;Procedure:_peripheral_blood_stem_cell_transplantation;Drug:_tacrolimus;Procedure:_allogeneic_bone_marrow_transplantation;Procedure:_allogeneic_hematopoietic_stem_cell_transplantation;Drug:_methotrexate"],["ADULT_ACUTE_LYMPHOBLASTIC_LEUKEMIA_IN_REMISSION","Drug:_sunitinib_malate"],["ADULT_ACUTE_LYMPHOBLASTIC_LEUKEMIA_IN_REMISSION","Drug:_fludarabine_phosphate;Radiation:_total-body_irradiation;Procedure:_nonmyeloablative_allogeneic_hematopoietic_stem_cell_transplantation;Procedure:_allogeneic_bone_marrow_transplantation;Procedure:_peripheral_blood_stem_cell_transplantation;Biological:_therapeutic_allogeneic_lymphocytes;Drug:_cyclosporine;Drug:_mycophenolate_mofetil;Other:_pharmacological_study;Other:_laboratory_biomarker_analysis"],["ADULT_ACUTE_MEGAKARYOBLASTIC_LEUKEMIA","Drug:_Cytarabine;Drug:_CHK1_Inhibitor_SCH_900776;Other:_Laboratory_Biomarker_Analysis"],["ADULT_ACUTE_MEGAKARYOBLASTIC_LEUKEMIA","Drug:_Lenalidomide;Other:_Laboratory_Biomarker_Analysis"],["ADULT_ACUTE_MEGAKARYOBLASTIC_LEUKEMIA","Drug:_Sorafenib_Tosylate"],["ADULT_ACUTE_MEGAKARYOBLASTIC_LEUKEMIA","Drug:_Tipifarnib;Other:_Laboratory_Biomarker_Analysis"],["ADULT_ACUTE_MEGAKARYOBLASTIC_LEUKEMIA","Drug:_Carboplatin;Other:_Laboratory_Biomarker_Analysis;Drug:_Topotecan_Hydrochloride;Drug:_Veliparib"],["ADULT_ACUTE_MEGAKARYOBLASTIC_LEUKEMIA","Procedure:_Allogeneic_Hematopoietic_Stem_Cell_Transplantation;Biological:_Anti-Thymocyte_Globulin;Drug:_Azacitidine;Drug:_Busulfan;Drug:_Fludarabine_Phosphate;Other:_Laboratory_Biomarker_Analysis;Drug:_Methotrexate;Other:_Pharmacological_Study;Drug:_Tacrolimus"],["ADULT_ACUTE_MEGAKARYOBLASTIC_LEUKEMIA","Drug:_Bortezomib;Other:_Laboratory_Biomarker_Analysis;Drug:_Tipifarnib"],["ADULT_ACUTE_MEGAKARYOBLASTIC_LEUKEMIA_(M7)","Drug:_cyclosporine;Drug:_pravastatin_sodium;Drug:_mitoxantrone_hydrochloride;Drug:_etoposide;Procedure:_bone_marrow_aspiration"],["ADULT_ACUTE_MEGAKARYOBLASTIC_LEUKEMIA_(M7)","Drug:_sorafenib_tosylate;Other:_pharmacological_study;Other:_laboratory_biomarker_analysis"],["ADULT_ACUTE_MEGAKARYOBLASTIC_LEUKEMIA_(M7)","Drug:_R(+)XK469;Other:_pharmacological_study;Other:_laboratory_biomarker_analysis"],["ADULT_ACUTE_MEGAKARYOBLASTIC_LEUKEMIA_(M7)","Drug:_tipifarnib;Other:_pharmacological_study;Other:_laboratory_biomarker_analysis"],["ADULT_ACUTE_MEGAKARYOBLASTIC_LEUKEMIA_(M7)","Drug:_cytarabine;Drug:_idarubicin;Drug:_tipifarnib"],["ADULT_ACUTE_MEGAKARYOBLASTIC_LEUKEMIA_(M7)","Drug:_Akt_inhibitor_MK2206;Other:_laboratory_biomarker_analysis"],["ADULT_ACUTE_MEGAKARYOBLASTIC_LEUKEMIA_(M7)","Drug:_alvocidib;Drug:_cytarabine;Drug:_mitoxantrone_hydrochloride;Other:_pharmacological_study"],["ADULT_ACUTE_MEGAKARYOBLASTIC_LEUKEMIA_(M7)","Drug:_alvocidib;Drug:_mitoxantrone_hydrochloride;Drug:_cytarabine;Other:_pharmacological_study;Other:_laboratory_biomarker_analysis"],["ADULT_ACUTE_MEGAKARYOBLASTIC_LEUKEMIA_(M7)","Drug:_azacitidine;Drug:_cytarabine;Drug:_mitoxantrone_hydrochloride;Other:_laboratory_biomarker_analysis"],["ADULT_ACUTE_MEGAKARYOBLASTIC_LEUKEMIA_(M7)","Drug:_idarubicin;Drug:_cytarabine;Biological:_bevacizumab;Other:_laboratory_biomarker_analysis"],["ADULT_ACUTE_MEGAKARYOBLASTIC_LEUKEMIA_(M7)","Drug:_liposomal_cytarabine-daunorubicin_CPX-351;Other:_laboratory_biomarker_analysis"],["ADULT_ACUTE_MEGAKARYOBLASTIC_LEUKEMIA_(M7)","Drug:_daunorubicin_hydrochloride;Drug:_cytarabine;Drug:_bortezomib"],["ADULT_ACUTE_MEGAKARYOBLASTIC_LEUKEMIA_(M7)","Drug:_vorinostat;Drug:_gemtuzumab_ozogamicin;Drug:_azacitidine"],["ADULT_ACUTE_MEGAKARYOBLASTIC_LEUKEMIA_(M7)","Other:_antitumor_drug_screening_assay;Drug:_chemotherapy;Biological:_biological_therapy"],["ADULT_ACUTE_MEGAKARYOBLASTIC_LEUKEMIA_(M7)","Drug:_tipifarnib;Other:_laboratory_biomarker_analysis"],["ADULT_ACUTE_MEGAKARYOBLASTIC_LEUKEMIA_(M7)","Drug:_fludarabine_phosphate;Drug:_cytarabine;Biological:_donor_lymphocytes;Other:_laboratory_biomarker_analysis;Drug:_G-CSF"],["ADULT_ACUTE_MEGAKARYOBLASTIC_LEUKEMIA_(M7)","Drug:_tipifarnib"],["ADULT_ACUTE_MEGAKARYOBLASTIC_LEUKEMIA_(M7)","Drug:_ixazomib"],["ADULT_ACUTE_MEGAKARYOBLASTIC_LEUKEMIA_(M7)","Drug:_pravastatin_sodium;Drug:_idarubicin;Drug:_cytarabine;Other:_laboratory_biomarker_analysis"],["ADULT_ACUTE_MEGAKARYOBLASTIC_LEUKEMIA_(M7)","Dietary_Supplement:_cholecalciferol;Other:_pharmacological_study;Other:_laboratory_biomarker_analysis"],["ADULT_ACUTE_MEGAKARYOBLASTIC_LEUKEMIA_(M7)","Drug:_tretinoin;Drug:_lithium_carbonate;Other:_laboratory_biomarker_analysis"],["ADULT_ACUTE_MEGAKARYOBLASTIC_LEUKEMIA_(M7)","Drug:_alvocidib"],["ADULT_ACUTE_MEGAKARYOBLASTIC_LEUKEMIA_(M7)","Drug:_vorinostat"],["ADULT_ACUTE_MEGAKARYOBLASTIC_LEUKEMIA_(M7)","Drug:_cytarabine;Drug:_daunorubicin_hydrochloride;Drug:_etoposide;Drug:_valspodar;Biological:_filgrastim;Drug:_busulfan;Procedure:_autologous_hematopoietic_stem_cell_transplantation;Procedure:_peripheral_blood_stem_cell_transplantation;Biological:_aldesleukin;Other:_clinical_observation;Other:_pharmacological_study"],["ADULT_ACUTE_MEGAKARYOBLASTIC_LEUKEMIA_(M7)","Procedure:_nonmyeloablative_allogeneic_hematopoietic_stem_cell_transplantation;Drug:_fludarabine_phosphate;Radiation:_total-body_irradiation;Drug:_cyclosporine;Drug:_mycophenolate_mofetil;Procedure:_peripheral_blood_stem_cell_transplantation"],["ADULT_ACUTE_MEGAKARYOBLASTIC_LEUKEMIA_(M7)","Drug:_tipifarnib;Drug:_etoposide"],["ADULT_ACUTE_MEGAKARYOBLASTIC_LEUKEMIA_(M7)","Drug:_eltrombopag_olamine"],["ADULT_ACUTE_MEGAKARYOBLASTIC_LEUKEMIA_(M7)","Drug:_tanespimycin;Drug:_cytarabine"],["ADULT_ACUTE_MEGAKARYOBLASTIC_LEUKEMIA_(M7)","Drug:_cytarabine;Drug:_clofarabine;Drug:_filgrastim;Procedure:_ex_vivo-expanded_cord_blood_progenitor_cell_infusion;Other:_laboratory_biomarker_analysis"],["ADULT_ACUTE_MEGAKARYOBLASTIC_LEUKEMIA_(M7)","Drug:_ispinesib;Other:_laboratory_biomarker_analysis;Other:_pharmacological_study"],["ADULT_ACUTE_MEGAKARYOBLASTIC_LEUKEMIA_(M7)","Drug:_tanespimycin;Drug:_bortezomib"],["ADULT_ACUTE_MEGAKARYOBLASTIC_LEUKEMIA_(M7)","Drug:_vorinostat;Drug:_cytarabine;Drug:_etoposide;Other:_pharmacological_study;Other:_laboratory_biomarker_analysis"],["ADULT_ACUTE_MEGAKARYOBLASTIC_LEUKEMIA_(M7)","Drug:_alvocidib;Drug:_mitoxantrone_hydrochloride;Drug:_carboplatin;Drug:_cytarabine;Drug:_sirolimus;Drug:_etoposide;Drug:_topotecan_hydrochloride"],["ADULT_ACUTE_MEGAKARYOBLASTIC_LEUKEMIA_(M7)","Drug:_cytarabine;Drug:_omacetaxine_mepesuccinate;Drug:_decitabine;Other:_laboratory_biomarker_analysis"],["ADULT_ACUTE_MEGAKARYOBLASTIC_LEUKEMIA_(M7)","Drug:_gemtuzumab_ozogamicin;Drug:_vorinostat;Other:_laboratory_biomarker_analysis"],["ADULT_ACUTE_MEGAKARYOBLASTIC_LEUKEMIA_(M7)","Procedure:_standard_follow-up_care;Other:_medical_chart_review;Procedure:_quality-of-life_assessment"],["ADULT_ACUTE_MEGAKARYOBLASTIC_LEUKEMIA_(M7)","Drug:_cilengitide"],["ADULT_ACUTE_MEGAKARYOBLASTIC_LEUKEMIA_(M7)","Drug:_lenalidomide;Drug:_mitoxantrone_hydrochloride;Drug:_etoposide;Drug:_cytarabine"],["ADULT_ACUTE_MEGAKARYOBLASTIC_LEUKEMIA_(M7)","Biological:_trebananib;Drug:_cytarabine;Other:_laboratory_biomarker_analysis;Other:_pharmacological_study"],["ADULT_ACUTE_MEGAKARYOBLASTIC_LEUKEMIA_(M7)","Drug:_choline_magnesium_trisalicylate;Drug:_idarubicin;Drug:_cytarabine;Other:_laboratory_biomarker_analysis"],["ADULT_ACUTE_MEGAKARYOBLASTIC_LEUKEMIA_(M7)","Drug:_entinostat;Drug:_sargramostim"],["ADULT_ACUTE_MEGAKARYOBLASTIC_LEUKEMIA_(M7)","Drug:_7-hydroxystaurosporine;Drug:_perifosine;Other:_pharmacological_study"],["ADULT_ACUTE_MEGAKARYOBLASTIC_LEUKEMIA_(M7)","Drug:_mitoxantrone_hydrochloride;Drug:_cytarabine;Procedure:_peripheral_blood_stem_cell_transplantation;Other:_laboratory_biomarker_analysis"],["ADULT_ACUTE_MEGAKARYOBLASTIC_LEUKEMIA_(M7)","Drug:_decitabine;Drug:_idarubicin;Drug:_cytarabine"],["ADULT_ACUTE_MEGAKARYOBLASTIC_LEUKEMIA_(M7)","Drug:_cytarabine;Drug:_daunorubicin_hydrochloride;Drug:_etoposide;Drug:_valspodar"],["ADULT_ACUTE_MEGAKARYOBLASTIC_LEUKEMIA_(M7)","Drug:_alvocidib;Drug:_cytarabine;Drug:_mitoxantrone_hydrochloride"],["ADULT_ACUTE_MEGAKARYOBLASTIC_LEUKEMIA_(M7)","Drug:_entinostat;Drug:_sorafenib_tosylate;Other:_pharmacological_study;Other:_laboratory_biomarker_analysis"],["ADULT_ACUTE_MONOBLASTIC_LEUKEMIA","Procedure:_Allogeneic_Hematopoietic_Stem_Cell_Transplantation;Biological:_Anti-Thymocyte_Globulin;Drug:_Azacitidine;Drug:_Busulfan;Drug:_Fludarabine_Phosphate;Other:_Laboratory_Biomarker_Analysis;Drug:_Methotrexate;Other:_Pharmacological_Study;Drug:_Tacrolimus"],["ADULT_ACUTE_MONOBLASTIC_LEUKEMIA","Drug:_Carboplatin;Other:_Laboratory_Biomarker_Analysis;Drug:_Topotecan_Hydrochloride;Drug:_Veliparib"],["ADULT_ACUTE_MONOBLASTIC_LEUKEMIA","Drug:_Tipifarnib;Other:_Laboratory_Biomarker_Analysis"],["ADULT_ACUTE_MONOBLASTIC_LEUKEMIA","Drug:_Bortezomib;Other:_Laboratory_Biomarker_Analysis;Drug:_Tipifarnib"],["ADULT_ACUTE_MONOBLASTIC_LEUKEMIA","Drug:_Cytarabine;Drug:_Daunorubicin_Hydrochloride;Drug:_Decitabine;Other:_Laboratory_Biomarker_Analysis;Other:_Pharmacological_Study"],["ADULT_ACUTE_MONOBLASTIC_LEUKEMIA","Drug:_Sorafenib_Tosylate"],["ADULT_ACUTE_MONOBLASTIC_LEUKEMIA","Drug:_Cytarabine;Drug:_CHK1_Inhibitor_SCH_900776;Other:_Laboratory_Biomarker_Analysis"],["ADULT_ACUTE_MONOBLASTIC_LEUKEMIA","Drug:_Lenalidomide;Other:_Laboratory_Biomarker_Analysis"],["ADULT_ACUTE_MONOBLASTIC_LEUKEMIA_(M5A)","Drug:_tretinoin;Drug:_lithium_carbonate;Other:_laboratory_biomarker_analysis"],["ADULT_ACUTE_MONOBLASTIC_LEUKEMIA_(M5A)","Drug:_tipifarnib"],["ADULT_ACUTE_MONOBLASTIC_LEUKEMIA_(M5A)","Drug:_fludarabine_phosphate;Drug:_cytarabine;Biological:_donor_lymphocytes;Other:_laboratory_biomarker_analysis;Drug:_G-CSF"],["ADULT_ACUTE_MONOBLASTIC_LEUKEMIA_(M5A)","Other:_antitumor_drug_screening_assay;Drug:_chemotherapy;Biological:_biological_therapy"],["ADULT_ACUTE_MONOBLASTIC_LEUKEMIA_(M5A)","Drug:_alvocidib;Drug:_daunorubicin_hydrochloride;Drug:_mitoxantrone_hydrochloride;Drug:_cytarabine"],["ADULT_ACUTE_MONOBLASTIC_LEUKEMIA_(M5A)","Drug:_tipifarnib;Drug:_etoposide"],["ADULT_ACUTE_MONOBLASTIC_LEUKEMIA_(M5A)","Drug:_daunorubicin_hydrochloride;Drug:_cytarabine;Drug:_bortezomib"],["ADULT_ACUTE_MONOBLASTIC_LEUKEMIA_(M5A)","Drug:_idarubicin;Drug:_cytarabine;Biological:_bevacizumab;Other:_laboratory_biomarker_analysis"],["ADULT_ACUTE_MONOBLASTIC_LEUKEMIA_(M5A)","Drug:_azacitidine;Drug:_cytarabine;Drug:_mitoxantrone_hydrochloride;Other:_laboratory_biomarker_analysis"],["ADULT_ACUTE_MONOBLASTIC_LEUKEMIA_(M5A)","Drug:_alvocidib;Drug:_mitoxantrone_hydrochloride;Drug:_cytarabine;Other:_pharmacological_study;Other:_laboratory_biomarker_analysis"],["ADULT_ACUTE_MONOBLASTIC_LEUKEMIA_(M5A)","Drug:_alvocidib;Drug:_cytarabine;Drug:_mitoxantrone_hydrochloride;Other:_pharmacological_study"],["ADULT_ACUTE_MONOBLASTIC_LEUKEMIA_(M5A)","Drug:_cyclosporine;Drug:_pravastatin_sodium;Drug:_mitoxantrone_hydrochloride;Drug:_etoposide;Procedure:_bone_marrow_aspiration"],["ADULT_ACUTE_MONOBLASTIC_LEUKEMIA_(M5A)","Drug:_Akt_inhibitor_MK2206;Other:_laboratory_biomarker_analysis"],["ADULT_ACUTE_MONOBLASTIC_LEUKEMIA_(M5A)","Drug:_tipifarnib;Other:_laboratory_biomarker_analysis"],["ADULT_ACUTE_MONOBLASTIC_LEUKEMIA_(M5A)","Drug:_pravastatin_sodium;Drug:_idarubicin;Drug:_cytarabine;Other:_laboratory_biomarker_analysis"],["ADULT_ACUTE_MONOBLASTIC_LEUKEMIA_(M5A)","Dietary_Supplement:_cholecalciferol;Other:_pharmacological_study;Other:_laboratory_biomarker_analysis"],["ADULT_ACUTE_MONOBLASTIC_LEUKEMIA_(M5A)","Drug:_tanespimycin;Drug:_cytarabine"],["ADULT_ACUTE_MONOBLASTIC_LEUKEMIA_(M5A)","Drug:_cytarabine;Drug:_clofarabine;Drug:_filgrastim;Procedure:_ex_vivo-expanded_cord_blood_progenitor_cell_infusion;Other:_laboratory_biomarker_analysis"],["ADULT_ACUTE_MONOBLASTIC_LEUKEMIA_(M5A)","Drug:_cytarabine;Drug:_daunorubicin_hydrochloride;Drug:_etoposide;Drug:_valspodar"],["ADULT_ACUTE_MONOBLASTIC_LEUKEMIA_(M5A)","Drug:_MEK_inhibitor_MEK162;Drug:_idarubicin;Drug:_cytarabine;Other:_pharmacological_study;Other:_laboratory_biomarker_analysis"],["ADULT_ACUTE_MONOBLASTIC_LEUKEMIA_(M5A)","Drug:_choline_magnesium_trisalicylate;Drug:_idarubicin;Drug:_cytarabine;Other:_laboratory_biomarker_analysis"],["ADULT_ACUTE_MONOBLASTIC_LEUKEMIA_(M5A)","Drug:_gemtuzumab_ozogamicin;Drug:_vorinostat;Other:_laboratory_biomarker_analysis"],["ADULT_ACUTE_MONOBLASTIC_LEUKEMIA_(M5A)","Drug:_cytarabine;Drug:_omacetaxine_mepesuccinate;Drug:_decitabine;Other:_laboratory_biomarker_analysis"],["ADULT_ACUTE_MONOBLASTIC_LEUKEMIA_(M5A)","Drug:_tanespimycin;Drug:_bortezomib"],["ADULT_ACUTE_MONOBLASTIC_LEUKEMIA_(M5A)","Drug:_alvocidib;Drug:_mitoxantrone_hydrochloride;Drug:_carboplatin;Drug:_cytarabine;Drug:_sirolimus;Drug:_etoposide;Drug:_topotecan_hydrochloride"],["ADULT_ACUTE_MONOBLASTIC_LEUKEMIA_(M5A)","Drug:_R(+)XK469;Other:_pharmacological_study;Other:_laboratory_biomarker_analysis"],["ADULT_ACUTE_MONOBLASTIC_LEUKEMIA_(M5A)","Drug:_tipifarnib;Other:_pharmacological_study;Other:_laboratory_biomarker_analysis"],["ADULT_ACUTE_MONOBLASTIC_LEUKEMIA_(M5A)","Drug:_cytarabine;Drug:_idarubicin;Drug:_tipifarnib"],["ADULT_ACUTE_MONOBLASTIC_LEUKEMIA_(M5A)","Drug:_entinostat;Drug:_sorafenib_tosylate;Other:_pharmacological_study;Other:_laboratory_biomarker_analysis"],["ADULT_ACUTE_MONOBLASTIC_LEUKEMIA_(M5A)","Drug:_vorinostat;Drug:_cytarabine;Drug:_etoposide;Other:_pharmacological_study;Other:_laboratory_biomarker_analysis"],["ADULT_ACUTE_MONOBLASTIC_LEUKEMIA_(M5A)","Drug:_vorinostat;Drug:_gemtuzumab_ozogamicin;Drug:_azacitidine"],["ADULT_ACUTE_MONOBLASTIC_LEUKEMIA_(M5A)","Drug:_ixazomib"],["ADULT_ACUTE_MONOBLASTIC_LEUKEMIA_(M5A)","Drug:_alvocidib"],["ADULT_ACUTE_MONOBLASTIC_LEUKEMIA_(M5A)","Drug:_vorinostat"],["ADULT_ACUTE_MONOBLASTIC_LEUKEMIA_(M5A)","Procedure:_standard_follow-up_care;Other:_medical_chart_review;Procedure:_quality-of-life_assessment"],["ADULT_ACUTE_MONOBLASTIC_LEUKEMIA_(M5A)","Drug:_cytarabine;Drug:_daunorubicin_hydrochloride;Drug:_etoposide;Drug:_valspodar;Biological:_filgrastim;Drug:_busulfan;Procedure:_autologous_hematopoietic_stem_cell_transplantation;Procedure:_peripheral_blood_stem_cell_transplantation;Biological:_aldesleukin;Other:_clinical_observation;Other:_pharmacological_study"],["ADULT_ACUTE_MONOBLASTIC_LEUKEMIA_(M5A)","Drug:_cilengitide"],["ADULT_ACUTE_MONOBLASTIC_LEUKEMIA_(M5A)","Drug:_lenalidomide;Drug:_mitoxantrone_hydrochloride;Drug:_etoposide;Drug:_cytarabine"],["ADULT_ACUTE_MONOBLASTIC_LEUKEMIA_(M5A)","Procedure:_nonmyeloablative_allogeneic_hematopoietic_stem_cell_transplantation;Drug:_fludarabine_phosphate;Radiation:_total-body_irradiation;Drug:_cyclosporine;Drug:_mycophenolate_mofetil;Procedure:_peripheral_blood_stem_cell_transplantation"],["ADULT_ACUTE_MONOBLASTIC_LEUKEMIA_(M5A)","Drug:_eltrombopag_olamine"],["ADULT_ACUTE_MONOBLASTIC_LEUKEMIA_(M5A)","Drug:_ispinesib;Other:_laboratory_biomarker_analysis;Other:_pharmacological_study"],["ADULT_ACUTE_MONOBLASTIC_LEUKEMIA_(M5A)","Drug:_entinostat;Drug:_sargramostim"],["ADULT_ACUTE_MONOBLASTIC_LEUKEMIA_(M5A)","Drug:_alvocidib;Drug:_cytarabine;Drug:_mitoxantrone_hydrochloride"],["ADULT_ACUTE_MONOBLASTIC_LEUKEMIA_(M5A)","Drug:_decitabine;Drug:_idarubicin;Drug:_cytarabine"],["ADULT_ACUTE_MONOBLASTIC_LEUKEMIA_(M5A)","Drug:_7-hydroxystaurosporine;Drug:_perifosine;Other:_pharmacological_study"],["ADULT_ACUTE_MONOBLASTIC_LEUKEMIA_(M5A)","Biological:_trebananib;Drug:_cytarabine;Other:_laboratory_biomarker_analysis;Other:_pharmacological_study"],["ADULT_ACUTE_MONOBLASTIC_LEUKEMIA_(M5A)","Drug:_mitoxantrone_hydrochloride;Drug:_cytarabine;Procedure:_peripheral_blood_stem_cell_transplantation;Other:_laboratory_biomarker_analysis"],["ADULT_ACUTE_MONOBLASTIC_LEUKEMIA_AND_ACUTE_MONOCYTIC_LEUKEMIA_(M5)","Drug:_cytarabine;Drug:_daunorubicin_hydrochloride;Drug:_etoposide;Drug:_valspodar;Biological:_filgrastim;Drug:_busulfan;Procedure:_autologous_hematopoietic_stem_cell_transplantation;Procedure:_peripheral_blood_stem_cell_transplantation;Biological:_aldesleukin;Other:_clinical_observation;Other:_pharmacological_study"],["ADULT_ACUTE_MONOBLASTIC_LEUKEMIA_AND_ACUTE_MONOCYTIC_LEUKEMIA_(M5)","Drug:_liposomal_cytarabine-daunorubicin_CPX-351;Other:_laboratory_biomarker_analysis"],["ADULT_ACUTE_MONOBLASTIC_LEUKEMIA_AND_ACUTE_MONOCYTIC_LEUKEMIA_(M5)","Drug:_tipifarnib;Other:_pharmacological_study;Other:_laboratory_biomarker_analysis"],["ADULT_ACUTE_MONOBLASTIC_LEUKEMIA_AND_ACUTE_MONOCYTIC_LEUKEMIA_(M5)","Drug:_tipifarnib;Other:_laboratory_biomarker_analysis"],["ADULT_ACUTE_MONOCYTIC_LEUKEMIA","Drug:_Tipifarnib;Other:_Laboratory_Biomarker_Analysis"],["ADULT_ACUTE_MONOCYTIC_LEUKEMIA","Drug:_Sorafenib_Tosylate"],["ADULT_ACUTE_MONOCYTIC_LEUKEMIA","Drug:_Cytarabine;Drug:_CHK1_Inhibitor_SCH_900776;Other:_Laboratory_Biomarker_Analysis"],["ADULT_ACUTE_MONOCYTIC_LEUKEMIA","Drug:_Cytarabine;Drug:_Daunorubicin_Hydrochloride;Drug:_Decitabine;Other:_Laboratory_Biomarker_Analysis;Other:_Pharmacological_Study"],["ADULT_ACUTE_MONOCYTIC_LEUKEMIA","Drug:_Carboplatin;Other:_Laboratory_Biomarker_Analysis;Drug:_Topotecan_Hydrochloride;Drug:_Veliparib"],["ADULT_ACUTE_MONOCYTIC_LEUKEMIA","Drug:_Lenalidomide;Other:_Laboratory_Biomarker_Analysis"],["ADULT_ACUTE_MONOCYTIC_LEUKEMIA","Procedure:_Allogeneic_Hematopoietic_Stem_Cell_Transplantation;Biological:_Anti-Thymocyte_Globulin;Drug:_Azacitidine;Drug:_Busulfan;Drug:_Fludarabine_Phosphate;Other:_Laboratory_Biomarker_Analysis;Drug:_Methotrexate;Other:_Pharmacological_Study;Drug:_Tacrolimus"],["ADULT_ACUTE_MONOCYTIC_LEUKEMIA","Drug:_Bortezomib;Other:_Laboratory_Biomarker_Analysis;Drug:_Tipifarnib"],["ADULT_ACUTE_MONOCYTIC_LEUKEMIA_(M5B)","Drug:_cytarabine;Drug:_daunorubicin_hydrochloride;Drug:_etoposide;Drug:_valspodar;Biological:_filgrastim;Drug:_busulfan;Procedure:_autologous_hematopoietic_stem_cell_transplantation;Procedure:_peripheral_blood_stem_cell_transplantation;Biological:_aldesleukin;Other:_clinical_observation;Other:_pharmacological_study"],["ADULT_ACUTE_MONOCYTIC_LEUKEMIA_(M5B)","Procedure:_nonmyeloablative_allogeneic_hematopoietic_stem_cell_transplantation;Drug:_fludarabine_phosphate;Radiation:_total-body_irradiation;Drug:_cyclosporine;Drug:_mycophenolate_mofetil;Procedure:_peripheral_blood_stem_cell_transplantation"],["ADULT_ACUTE_MONOCYTIC_LEUKEMIA_(M5B)","Drug:_tipifarnib;Drug:_etoposide"],["ADULT_ACUTE_MONOCYTIC_LEUKEMIA_(M5B)","Drug:_alvocidib;Drug:_daunorubicin_hydrochloride;Drug:_mitoxantrone_hydrochloride;Drug:_cytarabine"],["ADULT_ACUTE_MONOCYTIC_LEUKEMIA_(M5B)","Drug:_vorinostat;Drug:_cytarabine;Drug:_etoposide;Other:_pharmacological_study;Other:_laboratory_biomarker_analysis"],["ADULT_ACUTE_MONOCYTIC_LEUKEMIA_(M5B)","Drug:_cytarabine;Drug:_omacetaxine_mepesuccinate;Drug:_decitabine;Other:_laboratory_biomarker_analysis"],["ADULT_ACUTE_MONOCYTIC_LEUKEMIA_(M5B)","Drug:_tretinoin;Drug:_lithium_carbonate;Other:_laboratory_biomarker_analysis"],["ADULT_ACUTE_MONOCYTIC_LEUKEMIA_(M5B)","Drug:_tanespimycin;Drug:_bortezomib"],["ADULT_ACUTE_MONOCYTIC_LEUKEMIA_(M5B)","Procedure:_standard_follow-up_care;Other:_medical_chart_review;Procedure:_quality-of-life_assessment"],["ADULT_ACUTE_MONOCYTIC_LEUKEMIA_(M5B)","Drug:_tipifarnib"],["ADULT_ACUTE_MONOCYTIC_LEUKEMIA_(M5B)","Drug:_fludarabine_phosphate;Drug:_cytarabine;Biological:_donor_lymphocytes;Other:_laboratory_biomarker_analysis;Drug:_G-CSF"],["ADULT_ACUTE_MONOCYTIC_LEUKEMIA_(M5B)","Drug:_lenalidomide;Drug:_mitoxantrone_hydrochloride;Drug:_etoposide;Drug:_cytarabine"],["ADULT_ACUTE_MONOCYTIC_LEUKEMIA_(M5B)","Other:_antitumor_drug_screening_assay;Drug:_chemotherapy;Biological:_biological_therapy"],["ADULT_ACUTE_MONOCYTIC_LEUKEMIA_(M5B)","Drug:_cilengitide"],["ADULT_ACUTE_MONOCYTIC_LEUKEMIA_(M5B)","Drug:_cytarabine;Drug:_idarubicin;Drug:_tipifarnib"],["ADULT_ACUTE_MONOCYTIC_LEUKEMIA_(M5B)","Drug:_choline_magnesium_trisalicylate;Drug:_idarubicin;Drug:_cytarabine;Other:_laboratory_biomarker_analysis"],["ADULT_ACUTE_MONOCYTIC_LEUKEMIA_(M5B)","Drug:_tipifarnib;Other:_pharmacological_study;Other:_laboratory_biomarker_analysis"],["ADULT_ACUTE_MONOCYTIC_LEUKEMIA_(M5B)","Drug:_gemtuzumab_ozogamicin;Drug:_vorinostat;Other:_laboratory_biomarker_analysis"],["ADULT_ACUTE_MONOCYTIC_LEUKEMIA_(M5B)","Drug:_R(+)XK469;Other:_pharmacological_study;Other:_laboratory_biomarker_analysis"],["ADULT_ACUTE_MONOCYTIC_LEUKEMIA_(M5B)","Drug:_vorinostat;Drug:_gemtuzumab_ozogamicin;Drug:_azacitidine"],["ADULT_ACUTE_MONOCYTIC_LEUKEMIA_(M5B)","Drug:_entinostat;Drug:_sargramostim"],["ADULT_ACUTE_MONOCYTIC_LEUKEMIA_(M5B)","Drug:_7-hydroxystaurosporine;Drug:_perifosine;Other:_pharmacological_study"],["ADULT_ACUTE_MONOCYTIC_LEUKEMIA_(M5B)","Drug:_mitoxantrone_hydrochloride;Drug:_cytarabine;Procedure:_peripheral_blood_stem_cell_transplantation;Other:_laboratory_biomarker_analysis"],["ADULT_ACUTE_MONOCYTIC_LEUKEMIA_(M5B)","Drug:_eltrombopag_olamine"],["ADULT_ACUTE_MONOCYTIC_LEUKEMIA_(M5B)","Drug:_MEK_inhibitor_MEK162;Drug:_idarubicin;Drug:_cytarabine;Other:_pharmacological_study;Other:_laboratory_biomarker_analysis"],["ADULT_ACUTE_MONOCYTIC_LEUKEMIA_(M5B)","Drug:_daunorubicin_hydrochloride;Drug:_cytarabine;Drug:_bortezomib"],["ADULT_ACUTE_MONOCYTIC_LEUKEMIA_(M5B)","Drug:_sorafenib_tosylate;Other:_pharmacological_study;Other:_laboratory_biomarker_analysis"],["ADULT_ACUTE_MONOCYTIC_LEUKEMIA_(M5B)","Drug:_entinostat;Drug:_sorafenib_tosylate;Other:_pharmacological_study;Other:_laboratory_biomarker_analysis"],["ADULT_ACUTE_MONOCYTIC_LEUKEMIA_(M5B)","Drug:_alvocidib;Drug:_mitoxantrone_hydrochloride;Drug:_cytarabine;Other:_pharmacological_study;Other:_laboratory_biomarker_analysis"],["ADULT_ACUTE_MONOCYTIC_LEUKEMIA_(M5B)","Drug:_idarubicin;Drug:_cytarabine;Biological:_bevacizumab;Other:_laboratory_biomarker_analysis"],["ADULT_ACUTE_MONOCYTIC_LEUKEMIA_(M5B)","Drug:_azacitidine;Drug:_cytarabine;Drug:_mitoxantrone_hydrochloride;Other:_laboratory_biomarker_analysis"],["ADULT_ACUTE_MONOCYTIC_LEUKEMIA_(M5B)","Drug:_alvocidib;Drug:_cytarabine;Drug:_mitoxantrone_hydrochloride;Other:_pharmacological_study"],["ADULT_ACUTE_MONOCYTIC_LEUKEMIA_(M5B)","Drug:_alvocidib;Drug:_cytarabine;Drug:_mitoxantrone_hydrochloride"],["ADULT_ACUTE_MONOCYTIC_LEUKEMIA_(M5B)","Drug:_ixazomib"],["ADULT_ACUTE_MONOCYTIC_LEUKEMIA_(M5B)","Drug:_decitabine;Drug:_idarubicin;Drug:_cytarabine"],["ADULT_ACUTE_MONOCYTIC_LEUKEMIA_(M5B)","Drug:_cyclosporine;Drug:_pravastatin_sodium;Drug:_mitoxantrone_hydrochloride;Drug:_etoposide;Procedure:_bone_marrow_aspiration"],["ADULT_ACUTE_MONOCYTIC_LEUKEMIA_(M5B)","Biological:_trebananib;Drug:_cytarabine;Other:_laboratory_biomarker_analysis;Other:_pharmacological_study"],["ADULT_ACUTE_MONOCYTIC_LEUKEMIA_(M5B)","Drug:_cytarabine;Drug:_daunorubicin_hydrochloride;Drug:_etoposide;Drug:_valspodar"],["ADULT_ACUTE_MONOCYTIC_LEUKEMIA_(M5B)","Drug:_Akt_inhibitor_MK2206;Other:_laboratory_biomarker_analysis"],["ADULT_ACUTE_MONOCYTIC_LEUKEMIA_(M5B)","Drug:_tipifarnib;Other:_laboratory_biomarker_analysis"],["ADULT_ACUTE_MONOCYTIC_LEUKEMIA_(M5B)","Drug:_pravastatin_sodium;Drug:_idarubicin;Drug:_cytarabine;Other:_laboratory_biomarker_analysis"],["ADULT_ACUTE_MONOCYTIC_LEUKEMIA_(M5B)","Dietary_Supplement:_cholecalciferol;Other:_pharmacological_study;Other:_laboratory_biomarker_analysis"],["ADULT_ACUTE_MONOCYTIC_LEUKEMIA_(M5B)","Drug:_ispinesib;Other:_laboratory_biomarker_analysis;Other:_pharmacological_study"],["ADULT_ACUTE_MONOCYTIC_LEUKEMIA_(M5B)","Drug:_alvocidib"],["ADULT_ACUTE_MONOCYTIC_LEUKEMIA_(M5B)","Drug:_tanespimycin;Drug:_cytarabine"],["ADULT_ACUTE_MONOCYTIC_LEUKEMIA_(M5B)","Drug:_cytarabine;Drug:_clofarabine;Drug:_filgrastim;Procedure:_ex_vivo-expanded_cord_blood_progenitor_cell_infusion;Other:_laboratory_biomarker_analysis"],["ADULT_ACUTE_MONOCYTIC_LEUKEMIA_(M5B)","Drug:_vorinostat"],["ADULT_ACUTE_MONOCYTIC_LEUKEMIA_(M5B)","Drug:_alvocidib;Drug:_mitoxantrone_hydrochloride;Drug:_carboplatin;Drug:_cytarabine;Drug:_sirolimus;Drug:_etoposide;Drug:_topotecan_hydrochloride"],["ADULT_ACUTE_MYELOBLASTIC_LEUKEMIA_WITHOUT_MATURATION_(M1)","Drug:_vorinostat"],["ADULT_ACUTE_MYELOBLASTIC_LEUKEMIA_WITHOUT_MATURATION_(M1)","Drug:_alvocidib"],["ADULT_ACUTE_MYELOBLASTIC_LEUKEMIA_WITHOUT_MATURATION_(M1)","Drug:_alvocidib;Drug:_daunorubicin_hydrochloride;Drug:_mitoxantrone_hydrochloride;Drug:_cytarabine"],["ADULT_ACUTE_MYELOBLASTIC_LEUKEMIA_WITHOUT_MATURATION_(M1)","Drug:_cytarabine;Drug:_daunorubicin_hydrochloride;Drug:_etoposide;Drug:_valspodar;Biological:_filgrastim;Drug:_busulfan;Procedure:_autologous_hematopoietic_stem_cell_transplantation;Procedure:_peripheral_blood_stem_cell_transplantation;Biological:_aldesleukin;Other:_clinical_observation;Other:_pharmacological_study"],["ADULT_ACUTE_MYELOBLASTIC_LEUKEMIA_WITHOUT_MATURATION_(M1)","Procedure:_nonmyeloablative_allogeneic_hematopoietic_stem_cell_transplantation;Drug:_fludarabine_phosphate;Radiation:_total-body_irradiation;Drug:_cyclosporine;Drug:_mycophenolate_mofetil;Procedure:_peripheral_blood_stem_cell_transplantation"],["ADULT_ACUTE_MYELOBLASTIC_LEUKEMIA_WITHOUT_MATURATION_(M1)","Drug:_liposomal_cytarabine-daunorubicin_CPX-351;Other:_laboratory_biomarker_analysis"],["ADULT_ACUTE_MYELOBLASTIC_LEUKEMIA_WITHOUT_MATURATION_(M1)","Drug:_daunorubicin_hydrochloride;Drug:_cytarabine;Drug:_bortezomib"],["ADULT_ACUTE_MYELOBLASTIC_LEUKEMIA_WITHOUT_MATURATION_(M1)","Drug:_eltrombopag_olamine"],["ADULT_ACUTE_MYELOBLASTIC_LEUKEMIA_WITHOUT_MATURATION_(M1)","Drug:_tipifarnib;Other:_laboratory_biomarker_analysis"],["ADULT_ACUTE_MYELOBLASTIC_LEUKEMIA_WITHOUT_MATURATION_(M1)","Drug:_idarubicin;Drug:_cytarabine;Biological:_bevacizumab;Other:_laboratory_biomarker_analysis"],["ADULT_ACUTE_MYELOBLASTIC_LEUKEMIA_WITHOUT_MATURATION_(M1)","Drug:_ixazomib"],["ADULT_ACUTE_MYELOBLASTIC_LEUKEMIA_WITHOUT_MATURATION_(M1)","Drug:_azacitidine;Drug:_cytarabine;Drug:_mitoxantrone_hydrochloride;Other:_laboratory_biomarker_analysis"],["ADULT_ACUTE_MYELOBLASTIC_LEUKEMIA_WITHOUT_MATURATION_(M1)","Drug:_tipifarnib;Drug:_etoposide"],["ADULT_ACUTE_MYELOBLASTIC_LEUKEMIA_WITHOUT_MATURATION_(M1)","Drug:_vorinostat;Drug:_gemtuzumab_ozogamicin;Drug:_azacitidine"],["ADULT_ACUTE_MYELOBLASTIC_LEUKEMIA_WITHOUT_MATURATION_(M1)","Drug:_ispinesib;Other:_laboratory_biomarker_analysis;Other:_pharmacological_study"],["ADULT_ACUTE_MYELOBLASTIC_LEUKEMIA_WITHOUT_MATURATION_(M1)","Drug:_pravastatin_sodium;Drug:_idarubicin;Drug:_cytarabine;Other:_laboratory_biomarker_analysis"],["ADULT_ACUTE_MYELOBLASTIC_LEUKEMIA_WITHOUT_MATURATION_(M1)","Drug:_bortezomib"],["ADULT_ACUTE_MYELOBLASTIC_LEUKEMIA_WITHOUT_MATURATION_(M1)","Drug:_alvocidib;Drug:_mitoxantrone_hydrochloride;Drug:_cytarabine;Other:_pharmacological_study;Other:_laboratory_biomarker_analysis"],["ADULT_ACUTE_MYELOBLASTIC_LEUKEMIA_WITHOUT_MATURATION_(M1)","Dietary_Supplement:_cholecalciferol;Other:_pharmacological_study;Other:_laboratory_biomarker_analysis"],["ADULT_ACUTE_MYELOBLASTIC_LEUKEMIA_WITHOUT_MATURATION_(M1)","Biological:_trebananib;Drug:_cytarabine;Other:_laboratory_biomarker_analysis;Other:_pharmacological_study"],["ADULT_ACUTE_MYELOBLASTIC_LEUKEMIA_WITHOUT_MATURATION_(M1)","Other:_antitumor_drug_screening_assay;Drug:_chemotherapy;Biological:_biological_therapy"],["ADULT_ACUTE_MYELOBLASTIC_LEUKEMIA_WITHOUT_MATURATION_(M1)","Drug:_decitabine;Drug:_idarubicin;Drug:_cytarabine"],["ADULT_ACUTE_MYELOBLASTIC_LEUKEMIA_WITHOUT_MATURATION_(M1)","Drug:_tipifarnib;Other:_pharmacological_study;Other:_laboratory_biomarker_analysis"],["ADULT_ACUTE_MYELOBLASTIC_LEUKEMIA_WITHOUT_MATURATION_(M1)","Drug:_alvocidib;Drug:_cytarabine;Drug:_mitoxantrone_hydrochloride"],["ADULT_ACUTE_MYELOBLASTIC_LEUKEMIA_WITHOUT_MATURATION_(M1)","Drug:_cytarabine;Drug:_idarubicin;Drug:_tipifarnib"],["ADULT_ACUTE_MYELOBLASTIC_LEUKEMIA_WITHOUT_MATURATION_(M1)","Drug:_R(+)XK469;Other:_pharmacological_study;Other:_laboratory_biomarker_analysis"],["ADULT_ACUTE_MYELOBLASTIC_LEUKEMIA_WITHOUT_MATURATION_(M1)","Drug:_sorafenib_tosylate;Other:_pharmacological_study;Other:_laboratory_biomarker_analysis"],["ADULT_ACUTE_MYELOBLASTIC_LEUKEMIA_WITHOUT_MATURATION_(M1)","Drug:_alvocidib;Drug:_cytarabine;Drug:_mitoxantrone_hydrochloride;Other:_pharmacological_study"],["ADULT_ACUTE_MYELOBLASTIC_LEUKEMIA_WITHOUT_MATURATION_(M1)","Drug:_fludarabine_phosphate;Drug:_cytarabine;Biological:_donor_lymphocytes;Other:_laboratory_biomarker_analysis;Drug:_G-CSF"],["ADULT_ACUTE_MYELOBLASTIC_LEUKEMIA_WITHOUT_MATURATION_(M1)","Drug:_tipifarnib"],["ADULT_ACUTE_MYELOBLASTIC_LEUKEMIA_WITHOUT_MATURATION_(M1)","Drug:_entinostat;Drug:_sorafenib_tosylate;Other:_pharmacological_study;Other:_laboratory_biomarker_analysis"],["ADULT_ACUTE_MYELOBLASTIC_LEUKEMIA_WITHOUT_MATURATION_(M1)","Drug:_Akt_inhibitor_MK2206;Other:_laboratory_biomarker_analysis"],["ADULT_ACUTE_MYELOBLASTIC_LEUKEMIA_WITHOUT_MATURATION_(M1)","Drug:_tanespimycin;Drug:_cytarabine"],["ADULT_ACUTE_MYELOBLASTIC_LEUKEMIA_WITHOUT_MATURATION_(M1)","Drug:_cyclosporine;Drug:_pravastatin_sodium;Drug:_mitoxantrone_hydrochloride;Drug:_etoposide;Procedure:_bone_marrow_aspiration"],["ADULT_ACUTE_MYELOBLASTIC_LEUKEMIA_WITHOUT_MATURATION_(M1)","Drug:_mitoxantrone_hydrochloride;Drug:_cytarabine;Procedure:_peripheral_blood_stem_cell_transplantation;Other:_laboratory_biomarker_analysis"],["ADULT_ACUTE_MYELOBLASTIC_LEUKEMIA_WITHOUT_MATURATION_(M1)","Drug:_tanespimycin;Drug:_bortezomib"],["ADULT_ACUTE_MYELOBLASTIC_LEUKEMIA_WITHOUT_MATURATION_(M1)","Drug:_7-hydroxystaurosporine;Drug:_perifosine;Other:_pharmacological_study"],["ADULT_ACUTE_MYELOBLASTIC_LEUKEMIA_WITHOUT_MATURATION_(M1)","Drug:_entinostat;Drug:_sargramostim"],["ADULT_ACUTE_MYELOBLASTIC_LEUKEMIA_WITHOUT_MATURATION_(M1)","Drug:_cilengitide"],["ADULT_ACUTE_MYELOBLASTIC_LEUKEMIA_WITHOUT_MATURATION_(M1)","Drug:_gemtuzumab_ozogamicin;Drug:_vorinostat;Other:_laboratory_biomarker_analysis"],["ADULT_ACUTE_MYELOBLASTIC_LEUKEMIA_WITHOUT_MATURATION_(M1)","Drug:_cytarabine;Drug:_clofarabine;Drug:_filgrastim;Procedure:_ex_vivo-expanded_cord_blood_progenitor_cell_infusion;Other:_laboratory_biomarker_analysis"],["ADULT_ACUTE_MYELOBLASTIC_LEUKEMIA_WITHOUT_MATURATION_(M1)","Drug:_cytarabine;Drug:_omacetaxine_mepesuccinate;Drug:_decitabine;Other:_laboratory_biomarker_analysis"],["ADULT_ACUTE_MYELOBLASTIC_LEUKEMIA_WITHOUT_MATURATION_(M1)","Drug:_lenalidomide;Drug:_mitoxantrone_hydrochloride;Drug:_etoposide;Drug:_cytarabine"],["ADULT_ACUTE_MYELOBLASTIC_LEUKEMIA_WITHOUT_MATURATION_(M1)","Procedure:_standard_follow-up_care;Other:_medical_chart_review;Procedure:_quality-of-life_assessment"],["ADULT_ACUTE_MYELOBLASTIC_LEUKEMIA_WITHOUT_MATURATION_(M1)","Drug:_MEK_inhibitor_MEK162;Drug:_idarubicin;Drug:_cytarabine;Other:_pharmacological_study;Other:_laboratory_biomarker_analysis"],["ADULT_ACUTE_MYELOBLASTIC_LEUKEMIA_WITHOUT_MATURATION_(M1)","Drug:_choline_magnesium_trisalicylate;Drug:_idarubicin;Drug:_cytarabine;Other:_laboratory_biomarker_analysis"],["ADULT_ACUTE_MYELOBLASTIC_LEUKEMIA_WITHOUT_MATURATION_(M1)","Drug:_cytarabine;Drug:_daunorubicin_hydrochloride;Drug:_etoposide;Drug:_valspodar"],["ADULT_ACUTE_MYELOBLASTIC_LEUKEMIA_WITHOUT_MATURATION_(M1)","Drug:_tretinoin;Drug:_lithium_carbonate;Other:_laboratory_biomarker_analysis"],["ADULT_ACUTE_MYELOBLASTIC_LEUKEMIA_WITHOUT_MATURATION_(M1)","Drug:_vorinostat;Drug:_cytarabine;Drug:_etoposide;Other:_pharmacological_study;Other:_laboratory_biomarker_analysis"],["ADULT_ACUTE_MYELOBLASTIC_LEUKEMIA_WITHOUT_MATURATION_(M1)","Drug:_alvocidib;Drug:_mitoxantrone_hydrochloride;Drug:_carboplatin;Drug:_cytarabine;Drug:_sirolimus;Drug:_etoposide;Drug:_topotecan_hydrochloride"],["ADULT_ACUTE_MYELOBLASTIC_LEUKEMIA_WITH_MATURATION_(M2)","Drug:_entinostat;Drug:_sorafenib_tosylate;Other:_pharmacological_study;Other:_laboratory_biomarker_analysis"],["ADULT_ACUTE_MYELOBLASTIC_LEUKEMIA_WITH_MATURATION_(M2)","Drug:_alvocidib"],["ADULT_ACUTE_MYELOBLASTIC_LEUKEMIA_WITH_MATURATION_(M2)","Drug:_vorinostat;Drug:_gemtuzumab_ozogamicin;Drug:_azacitidine"],["ADULT_ACUTE_MYELOBLASTIC_LEUKEMIA_WITH_MATURATION_(M2)","Drug:_ixazomib"],["ADULT_ACUTE_MYELOBLASTIC_LEUKEMIA_WITH_MATURATION_(M2)","Drug:_mitoxantrone_hydrochloride;Drug:_cytarabine;Procedure:_peripheral_blood_stem_cell_transplantation;Other:_laboratory_biomarker_analysis"],["ADULT_ACUTE_MYELOBLASTIC_LEUKEMIA_WITH_MATURATION_(M2)","Drug:_7-hydroxystaurosporine;Drug:_perifosine;Other:_pharmacological_study"],["ADULT_ACUTE_MYELOBLASTIC_LEUKEMIA_WITH_MATURATION_(M2)","Drug:_entinostat;Drug:_sargramostim"],["ADULT_ACUTE_MYELOBLASTIC_LEUKEMIA_WITH_MATURATION_(M2)","Drug:_vorinostat"],["ADULT_ACUTE_MYELOBLASTIC_LEUKEMIA_WITH_MATURATION_(M2)","Drug:_daunorubicin_hydrochloride;Drug:_cytarabine;Drug:_bortezomib"],["ADULT_ACUTE_MYELOBLASTIC_LEUKEMIA_WITH_MATURATION_(M2)","Drug:_idarubicin;Drug:_cytarabine;Biological:_bevacizumab;Other:_laboratory_biomarker_analysis"],["ADULT_ACUTE_MYELOBLASTIC_LEUKEMIA_WITH_MATURATION_(M2)","Drug:_alvocidib;Drug:_mitoxantrone_hydrochloride;Drug:_cytarabine;Other:_pharmacological_study;Other:_laboratory_biomarker_analysis"],["ADULT_ACUTE_MYELOBLASTIC_LEUKEMIA_WITH_MATURATION_(M2)","Drug:_alvocidib;Drug:_cytarabine;Drug:_mitoxantrone_hydrochloride;Other:_pharmacological_study"],["ADULT_ACUTE_MYELOBLASTIC_LEUKEMIA_WITH_MATURATION_(M2)","Drug:_cyclosporine;Drug:_pravastatin_sodium;Drug:_mitoxantrone_hydrochloride;Drug:_etoposide;Procedure:_bone_marrow_aspiration"],["ADULT_ACUTE_MYELOBLASTIC_LEUKEMIA_WITH_MATURATION_(M2)","Other:_antitumor_drug_screening_assay;Drug:_chemotherapy;Biological:_biological_therapy"],["ADULT_ACUTE_MYELOBLASTIC_LEUKEMIA_WITH_MATURATION_(M2)","Drug:_fludarabine_phosphate;Drug:_cytarabine;Biological:_donor_lymphocytes;Other:_laboratory_biomarker_analysis;Drug:_G-CSF"],["ADULT_ACUTE_MYELOBLASTIC_LEUKEMIA_WITH_MATURATION_(M2)","Drug:_tipifarnib"],["ADULT_ACUTE_MYELOBLASTIC_LEUKEMIA_WITH_MATURATION_(M2)","Drug:_tipifarnib;Other:_laboratory_biomarker_analysis"],["ADULT_ACUTE_MYELOBLASTIC_LEUKEMIA_WITH_MATURATION_(M2)","Drug:_ispinesib;Other:_laboratory_biomarker_analysis;Other:_pharmacological_study"],["ADULT_ACUTE_MYELOBLASTIC_LEUKEMIA_WITH_MATURATION_(M2)","Drug:_pravastatin_sodium;Drug:_idarubicin;Drug:_cytarabine;Other:_laboratory_biomarker_analysis"],["ADULT_ACUTE_MYELOBLASTIC_LEUKEMIA_WITH_MATURATION_(M2)","Drug:_tanespimycin;Drug:_cytarabine"],["ADULT_ACUTE_MYELOBLASTIC_LEUKEMIA_WITH_MATURATION_(M2)","Drug:_gemtuzumab_ozogamicin;Drug:_vorinostat;Other:_laboratory_biomarker_analysis"],["ADULT_ACUTE_MYELOBLASTIC_LEUKEMIA_WITH_MATURATION_(M2)","Drug:_alvocidib;Drug:_mitoxantrone_hydrochloride;Drug:_carboplatin;Drug:_cytarabine;Drug:_sirolimus;Drug:_etoposide;Drug:_topotecan_hydrochloride"],["ADULT_ACUTE_MYELOBLASTIC_LEUKEMIA_WITH_MATURATION_(M2)","Drug:_tretinoin;Drug:_lithium_carbonate;Other:_laboratory_biomarker_analysis"],["ADULT_ACUTE_MYELOBLASTIC_LEUKEMIA_WITH_MATURATION_(M2)","Drug:_alvocidib;Drug:_daunorubicin_hydrochloride;Drug:_mitoxantrone_hydrochloride;Drug:_cytarabine"],["ADULT_ACUTE_MYELOBLASTIC_LEUKEMIA_WITH_MATURATION_(M2)","Drug:_cytarabine;Drug:_clofarabine;Drug:_filgrastim;Procedure:_ex_vivo-expanded_cord_blood_progenitor_cell_infusion;Other:_laboratory_biomarker_analysis"],["ADULT_ACUTE_MYELOBLASTIC_LEUKEMIA_WITH_MATURATION_(M2)","Drug:_lenalidomide;Drug:_mitoxantrone_hydrochloride;Drug:_etoposide;Drug:_cytarabine"],["ADULT_ACUTE_MYELOBLASTIC_LEUKEMIA_WITH_MATURATION_(M2)","Drug:_alvocidib;Drug:_cytarabine;Drug:_mitoxantrone_hydrochloride"],["ADULT_ACUTE_MYELOBLASTIC_LEUKEMIA_WITH_MATURATION_(M2)","Procedure:_standard_follow-up_care;Other:_medical_chart_review;Procedure:_quality-of-life_assessment"],["ADULT_ACUTE_MYELOBLASTIC_LEUKEMIA_WITH_MATURATION_(M2)","Drug:_cytarabine;Drug:_idarubicin;Drug:_tipifarnib"],["ADULT_ACUTE_MYELOBLASTIC_LEUKEMIA_WITH_MATURATION_(M2)","Drug:_sorafenib_tosylate;Other:_pharmacological_study;Other:_laboratory_biomarker_analysis"],["ADULT_ACUTE_MYELOBLASTIC_LEUKEMIA_WITH_MATURATION_(M2)","Drug:_decitabine;Drug:_idarubicin;Drug:_cytarabine"],["ADULT_ACUTE_MYELOBLASTIC_LEUKEMIA_WITH_MATURATION_(M2)","Drug:_R(+)XK469;Other:_pharmacological_study;Other:_laboratory_biomarker_analysis"],["ADULT_ACUTE_MYELOBLASTIC_LEUKEMIA_WITH_MATURATION_(M2)","Drug:_vorinostat;Drug:_cytarabine;Drug:_etoposide;Other:_pharmacological_study;Other:_laboratory_biomarker_analysis"],["ADULT_ACUTE_MYELOBLASTIC_LEUKEMIA_WITH_MATURATION_(M2)","Drug:_tipifarnib;Drug:_etoposide"],["ADULT_ACUTE_MYELOBLASTIC_LEUKEMIA_WITH_MATURATION_(M2)","Drug:_MEK_inhibitor_MEK162;Drug:_idarubicin;Drug:_cytarabine;Other:_pharmacological_study;Other:_laboratory_biomarker_analysis"],["ADULT_ACUTE_MYELOBLASTIC_LEUKEMIA_WITH_MATURATION_(M2)","Drug:_choline_magnesium_trisalicylate;Drug:_idarubicin;Drug:_cytarabine;Other:_laboratory_biomarker_analysis"],["ADULT_ACUTE_MYELOBLASTIC_LEUKEMIA_WITH_MATURATION_(M2)","Drug:_cytarabine;Drug:_daunorubicin_hydrochloride;Drug:_etoposide;Drug:_valspodar"],["ADULT_ACUTE_MYELOBLASTIC_LEUKEMIA_WITH_MATURATION_(M2)","Biological:_trebananib;Drug:_cytarabine;Other:_laboratory_biomarker_analysis;Other:_pharmacological_study"],["ADULT_ACUTE_MYELOBLASTIC_LEUKEMIA_WITH_MATURATION_(M2)","Drug:_eltrombopag_olamine"],["ADULT_ACUTE_MYELOBLASTIC_LEUKEMIA_WITH_MATURATION_(M2)","Drug:_tanespimycin;Drug:_bortezomib"],["ADULT_ACUTE_MYELOBLASTIC_LEUKEMIA_WITH_MATURATION_(M2)","Procedure:_nonmyeloablative_allogeneic_hematopoietic_stem_cell_transplantation;Drug:_fludarabine_phosphate;Radiation:_total-body_irradiation;Drug:_cyclosporine;Drug:_mycophenolate_mofetil;Procedure:_peripheral_blood_stem_cell_transplantation"]],"headers":["Disease","Interventions"],"rawHeaders":["DISEASE","INTERVENTIONS"]},"format":{"type":"TABLE"},"headerInfo":[{"alias":"Disease","header":"Disease","type":"STRING","derived":false},{"alias":"Interventions","header":"Interventions","type":"STRING","derived":false}],"sortInfo":[],"numCollected":500,"taskOptions":{"0":{"layout":"Cluster","alignment":{"cluster":["Disease"],"tooltip":[],"label":["Interventions"]}}},"filterInfo":[],"taskId":"task1"},"operationType":["TASK_DATA"]}]}